"","ï..ID","Age","Experience","Income","ZIP.Code","Family","CCAvg","Education","Mortgage","Personal.Loan","Securities.Account","CD.Account","Online","CreditCard","responsetime","problem_group","portion","time"
"1",1,25,1,49,91107,4,1.6,1,0,0,1,0,0,0,1938.10006996151,1,0.0735294117647059,2020-02-15 00:00:00
"2",2,45,19,34,90089,3,1.5,1,0,0,1,0,0,0,25.1651895558462,0,0,2020-02-15 00:02:52
"3",3,39,15,11,94720,1,1,1,0,0,0,0,0,0,2267.73955509998,4,0.279411764705882,2020-02-15 00:05:45
"4",4,35,9,100,94112,1,2.7,2,0,0,0,0,0,0,18.9320803340524,0,0,2020-02-15 00:08:38
"5",5,35,8,45,91330,4,1,2,0,0,0,0,0,1,25.6275430042297,0,0,2020-02-15 00:11:31
"6",6,37,13,29,92121,4,0.4,2,155,0,0,0,1,0,1373.88960467651,5,0.441176470588235,2020-02-15 00:14:24
"7",7,53,27,72,91711,2,1.5,2,0,0,0,0,1,0,26.8388414429501,0,0,2020-02-15 00:17:16
"8",8,50,24,22,93943,1,0.3,3,0,0,0,0,0,1,22.5883369194344,0,0,2020-02-15 00:20:09
"9",9,35,10,81,90089,3,0.6,2,104,0,0,0,1,0,26.1744931759313,0,0,2020-02-15 00:23:02
"10",10,34,9,180,93023,1,8.9,3,0,1,0,0,0,0,25.8141992101446,0,0,2020-02-15 00:25:55
"11",11,65,39,105,94710,4,2.4,3,0,0,0,0,0,0,25.7346699014306,0,0,2020-02-15 00:28:48
"12",12,29,5,45,90277,3,0.1,2,0,0,0,0,1,0,12.0728887571022,0,0,2020-02-15 00:31:40
"13",13,48,23,114,93106,2,3.8,3,0,0,1,0,0,0,16.0215700836852,0,0,2020-02-15 00:34:33
"14",14,59,32,40,94920,4,2.5,2,0,0,0,0,1,0,14.0876816911623,0,0,2020-02-15 00:37:26
"15",15,67,41,112,91741,1,2,1,0,0,1,0,0,0,26.8590145977214,0,0,2020-02-15 00:40:19
"16",16,60,30,22,95054,1,1.5,3,0,0,0,0,1,1,14.8265112424269,0,0,2020-02-15 00:43:12
"17",17,38,14,130,95010,4,4.7,3,134,1,0,0,0,0,25.3454195102677,0,0,2020-02-15 00:46:04
"18",18,42,18,81,94305,4,2.4,1,0,0,0,0,0,0,19.6922134840861,0,0,2020-02-15 00:48:57
"19",19,46,21,193,91604,2,8.1,3,0,1,0,0,0,0,12.6768208201975,0,0,2020-02-15 00:51:50
"20",20,55,28,21,94720,1,0.5,2,0,0,1,0,0,1,13.6377625027671,0,0,2020-02-15 00:54:43
"21",21,56,31,25,94015,4,0.9,2,111,0,0,0,1,0,15.0544494949281,0,0,2020-02-15 00:57:36
"22",22,57,27,63,90095,3,2,3,0,0,0,0,1,0,25.3103086957708,0,0,2020-02-15 01:00:28
"23",23,29,5,62,90277,1,1.2,1,260,0,0,0,1,0,10.0364998774603,0,0,2020-02-15 01:03:21
"24",24,44,18,43,91320,2,0.7,1,163,0,1,0,0,0,1476.49566940963,5,0.441176470588235,2020-02-15 01:06:14
"25",25,36,11,152,95521,2,3.9,1,159,0,0,0,0,1,18.5519314277917,0,0,2020-02-15 01:09:07
"26",26,43,19,29,94305,3,0.5,1,97,0,0,0,1,0,26.1893938947469,0,0,2020-02-15 01:12:00
"27",27,40,16,83,95064,4,0.2,3,0,0,0,0,0,0,16.678175884299,0,0,2020-02-15 01:14:52
"28",28,46,20,158,90064,1,2.4,1,0,0,0,0,1,1,12.1549110580236,0,0,2020-02-15 01:17:45
"29",29,56,30,48,94539,1,2.2,3,0,0,0,0,1,1,14.698855066672,0,0,2020-02-15 01:20:38
"30",30,38,13,119,94104,1,3.3,2,0,1,0,1,1,1,18.425929537043,0,0,2020-02-15 01:23:31
"31",31,59,35,35,93106,1,1.2,3,122,0,0,0,1,0,14.0218710387126,0,0,2020-02-15 01:26:24
"32",32,40,16,29,94117,1,2,2,0,0,0,0,1,0,14.7569279652089,0,0,2020-02-15 01:29:16
"33",33,53,28,41,94801,2,0.6,3,193,0,0,0,0,0,1332.67858056352,5,0.441176470588235,2020-02-15 01:32:09
"34",34,30,6,18,91330,3,0.9,3,0,0,0,0,0,0,13.0179044930264,0,0,2020-02-15 01:35:02
"35",35,31,5,50,94035,4,1.8,3,0,0,0,0,1,0,21.2459474755451,0,0,2020-02-15 01:37:55
"36",36,48,24,81,92647,3,0.7,1,0,0,0,0,0,0,19.530424317345,0,0,2020-02-15 01:40:48
"37",37,59,35,121,94720,1,2.9,1,0,0,0,0,0,1,2388.189985184,4,0.279411764705882,2020-02-15 01:43:40
"38",38,51,25,71,95814,1,1.4,3,198,0,0,0,0,0,13.1798393465579,0,0,2020-02-15 01:46:33
"39",39,42,18,141,94114,3,5,3,0,1,1,1,1,0,22.3176113003865,0,0,2020-02-15 01:49:26
"40",40,38,13,80,94115,4,0.7,3,285,0,0,0,1,0,19.0947850048542,0,0,2020-02-15 01:52:19
"41",41,57,32,84,92672,3,1.6,3,0,0,1,0,0,0,18.0450433632359,0,0,2020-02-15 01:55:12
"42",42,34,9,60,94122,3,2.3,1,0,0,0,0,0,0,12.8454353520647,0,0,2020-02-15 01:58:04
"43",43,32,7,132,90019,4,1.1,2,412,1,0,0,1,0,29.2433608090505,0,0,2020-02-15 02:00:57
"44",44,39,15,45,95616,1,0.7,1,0,0,0,0,1,0,27.0783845381811,0,0,2020-02-15 02:03:50
"45",45,46,20,104,94065,1,5.7,1,0,0,0,0,1,1,28.9990676753223,0,0,2020-02-15 02:06:43
"46",46,57,31,52,94720,4,2.5,1,0,0,0,0,0,1,2398.25483309105,4,0.279411764705882,2020-02-15 02:09:36
"47",47,39,14,43,95014,3,0.7,2,153,0,0,0,1,0,1496.91983335651,5,0.441176470588235,2020-02-15 02:12:28
"48",48,37,12,194,91380,4,0.2,3,211,1,1,1,1,1,24.2997951572761,0,0,2020-02-15 02:15:21
"49",49,56,26,81,95747,2,4.5,3,0,0,0,0,0,1,27.4278674460948,0,0,2020-02-15 02:18:14
"50",50,40,16,49,92373,1,1.8,1,0,0,0,0,0,1,16.4386818325147,0,0,2020-02-15 02:21:07
"51",51,32,8,8,92093,4,0.7,2,0,0,1,0,1,0,13.7045960500836,0,0,2020-02-15 02:24:00
"52",52,61,37,131,94720,1,2.9,1,0,0,0,0,1,0,2320.98897043616,4,0.279411764705882,2020-02-15 02:26:52
"53",53,30,6,72,94005,1,0.1,1,207,0,0,0,0,0,24.4319546921179,0,0,2020-02-15 02:29:45
"54",54,50,26,190,90245,3,2.1,3,240,1,0,0,1,0,15.2801387943327,0,0,2020-02-15 02:32:38
"55",55,29,5,44,95819,1,0.2,3,0,0,0,0,1,0,13.9908438408747,0,0,2020-02-15 02:35:31
"56",56,41,17,139,94022,2,8,1,0,0,0,0,1,0,16.7775503871962,0,0,2020-02-15 02:38:24
"57",57,55,30,29,94005,3,0.1,2,0,0,1,1,1,0,14.4398128427565,0,0,2020-02-15 02:41:16
"58",58,56,31,131,95616,2,1.2,3,0,1,0,0,0,0,22.0473685208708,0,0,2020-02-15 02:44:09
"59",59,28,2,93,94065,2,0.2,1,0,0,0,0,0,0,17.5282563781366,0,0,2020-02-15 02:47:02
"60",60,31,5,188,91320,2,4.5,1,455,0,0,0,0,0,2444.33377345558,3,0.132352941176471,2020-02-15 02:49:55
"61",61,49,24,39,90404,3,1.7,2,0,0,1,0,1,0,28.415896515362,0,0,2020-02-15 02:52:48
"62",62,47,21,125,93407,1,5.7,1,112,0,1,0,0,0,16.9147750129923,0,0,2020-02-15 02:55:40
"63",63,42,18,22,90089,1,1,1,0,0,0,0,0,0,20.1866451697424,0,0,2020-02-15 02:58:33
"64",64,42,17,32,94523,4,0,2,0,0,0,0,1,0,25.9446876868606,0,0,2020-02-15 03:01:26
"65",65,47,23,105,90024,2,3.3,1,0,0,0,0,0,0,27.5051685003564,0,0,2020-02-15 03:04:19
"66",66,59,35,131,91360,1,3.8,1,0,0,0,0,1,1,24.6504207001999,0,0,2020-02-15 03:07:12
"67",67,62,36,105,95670,2,2.8,1,336,0,0,0,0,0,29.8149236431345,0,0,2020-02-15 03:10:04
"68",68,53,23,45,95123,4,2,3,132,0,1,0,0,0,18.916683094576,0,0,2020-02-15 03:12:57
"69",69,47,21,60,93407,3,2.1,1,0,0,0,0,1,1,23.7874305807054,0,0,2020-02-15 03:15:50
"70",70,53,29,20,90045,4,0.2,1,0,0,0,0,1,0,28.8756187260151,0,0,2020-02-15 03:18:43
"71",71,42,18,115,91335,1,3.5,1,0,0,0,0,0,1,16.2129803141579,0,0,2020-02-15 03:21:36
"72",72,53,29,69,93907,4,1,2,0,0,0,0,1,0,19.2885325755924,0,0,2020-02-15 03:24:28
"73",73,44,20,130,92007,1,5,1,0,0,0,0,0,1,22.5130494870245,0,0,2020-02-15 03:27:21
"74",74,41,16,85,94606,1,4,3,0,0,0,0,1,1,22.0068728271872,0,0,2020-02-15 03:30:14
"75",75,28,3,135,94611,2,3.3,1,0,0,0,0,0,1,17.2047081030905,0,0,2020-02-15 03:33:07
"76",76,31,7,135,94901,4,3.8,2,0,1,0,1,1,1,12.4111944623291,0,0,2020-02-15 03:36:00
"77",77,58,32,12,91320,3,0.3,3,0,0,0,0,0,0,29.8762865737081,0,0,2020-02-15 03:38:52
"78",78,46,20,29,92220,3,0.5,2,0,0,0,0,0,0,15.264473631978,0,0,2020-02-15 03:41:45
"79",79,54,30,133,93305,2,2.6,3,0,1,0,0,0,0,19.8127866256982,0,0,2020-02-15 03:44:38
"80",80,50,26,19,94720,2,0.4,1,118,0,0,0,1,0,2389.53361641616,4,0.279411764705882,2020-02-15 03:47:31
"81",81,60,36,41,95134,4,1.3,1,174,0,0,0,1,1,1340.95963384025,5,0.441176470588235,2020-02-15 03:50:24
"82",82,47,22,40,94612,3,2.7,2,0,0,0,0,1,0,25.392382889986,0,0,2020-02-15 03:53:16
"83",83,41,16,82,92507,1,4,3,0,0,0,0,1,0,21.6719457972795,0,0,2020-02-15 03:56:09
"84",84,33,9,50,94305,1,2.4,2,0,0,0,0,0,0,29.2045913031325,0,0,2020-02-15 03:59:02
"85",85,46,22,18,91730,1,0.9,3,0,0,0,0,1,0,23.4986052662134,0,0,2020-02-15 04:01:55
"86",86,27,2,109,94005,4,1.8,3,0,0,0,0,0,0,22.3174378136173,0,0,2020-02-15 04:04:48
"87",87,40,16,42,94501,4,2.2,2,126,0,0,0,0,0,11.8024685140699,0,0,2020-02-15 04:07:40
"88",88,48,22,78,94305,3,1.1,1,0,0,0,0,1,0,25.6174847111106,0,0,2020-02-15 04:10:33
"89",89,65,41,51,94117,2,1.1,1,0,0,0,0,1,0,18.5782496584579,0,0,2020-02-15 04:13:26
"90",90,25,-1,113,94303,4,2.3,3,0,0,0,0,0,1,25.8236323483288,0,0,2020-02-15 04:16:19
"91",91,55,30,118,90277,4,5.6,2,0,1,0,0,1,0,23.3713563391939,0,0,2020-02-15 04:19:12
"92",92,35,10,29,94105,4,1.1,3,0,0,0,0,1,0,23.5357813443989,0,0,2020-02-15 04:22:04
"93",93,43,19,34,94305,3,0.6,2,0,0,0,0,0,0,25.5225071776658,0,0,2020-02-15 04:24:57
"94",94,60,34,64,94550,2,1.7,3,236,0,1,0,1,0,18.6124169826508,0,0,2020-02-15 04:27:50
"95",95,65,39,121,92612,1,2,1,0,0,0,0,0,0,29.1558111365885,0,0,2020-02-15 04:30:43
"96",96,38,12,48,95617,4,0.2,3,0,0,0,0,1,0,25.9308293601498,0,0,2020-02-15 04:33:36
"97",97,41,15,80,95014,1,5.2,1,0,0,0,0,0,0,12.6254029897973,0,0,2020-02-15 04:36:28
"98",98,54,28,161,92121,1,2.9,1,0,0,0,0,1,0,12.6930154301226,0,0,2020-02-15 04:39:21
"99",99,49,23,94,92374,1,0.3,1,0,0,0,0,1,0,10.0212716311216,0,0,2020-02-15 04:42:14
"100",100,66,41,15,91711,3,0.1,3,0,0,0,0,1,0,13.7192075047642,0,0,2020-02-15 04:45:07
"101",101,48,23,74,94080,1,1.2,1,0,0,0,0,1,0,21.733416756615,0,0,2020-02-15 04:48:00
"102",102,61,36,30,94608,3,1.3,2,0,0,0,0,0,0,14.8695995379239,0,0,2020-02-15 04:50:52
"103",103,53,23,44,93555,3,1,3,198,0,0,0,1,1,1460.03820938058,5,0.441176470588235,2020-02-15 04:53:45
"104",104,43,18,22,95670,2,0.3,2,0,0,0,0,1,0,26.6304208477959,0,0,2020-02-15 04:56:38
"105",105,56,32,38,93311,4,1.3,1,166,0,0,0,1,1,1332.62621536851,5,0.441176470588235,2020-02-15 04:59:31
"106",106,24,0,35,94704,3,0.1,2,0,0,1,0,1,0,24.4351453660056,0,0,2020-02-15 05:02:24
"107",107,43,17,69,92717,4,2.9,1,0,0,0,0,1,1,16.5160101186484,0,0,2020-02-15 05:05:16
"108",108,42,18,43,92037,1,0.7,1,136,0,0,0,0,0,19.8860006593168,0,0,2020-02-15 05:08:09
"109",109,33,7,32,95136,1,0.6,3,166,0,0,0,1,0,1387.31666011736,5,0.441176470588235,2020-02-15 05:11:02
"110",110,43,17,49,94542,1,2.8,1,0,0,0,0,1,0,27.5873158639297,0,0,2020-02-15 05:13:55
"111",111,41,14,9,91330,3,1,2,0,0,0,0,0,0,24.4536264939234,0,0,2020-02-15 05:16:48
"112",112,62,38,45,94143,4,1.3,2,0,0,0,0,1,0,15.3369671432301,0,0,2020-02-15 05:19:40
"113",113,40,15,82,91775,3,1,1,309,0,0,0,0,0,20.1116221491247,0,0,2020-02-15 05:22:33
"114",114,58,34,92,92703,2,2.8,1,103,0,0,0,0,0,15.0303665548563,0,0,2020-02-15 05:25:26
"115",115,39,14,39,92354,3,0.5,3,0,0,0,0,1,0,26.6284486185759,0,0,2020-02-15 05:28:19
"116",116,65,40,81,92024,3,1.8,2,0,0,0,0,1,0,22.458682032302,0,0,2020-02-15 05:31:12
"117",117,54,29,35,92831,1,1.5,2,0,0,0,0,1,0,14.6232935367152,0,0,2020-02-15 05:34:04
"118",118,58,33,61,92833,2,2.3,3,193,0,0,0,1,0,15.7955834362656,0,0,2020-02-15 05:36:57
"119",119,41,16,73,92647,3,3,1,0,0,0,0,1,0,28.8307631667703,0,0,2020-02-15 05:39:50
"120",120,32,7,112,94304,1,4.6,1,366,0,0,0,0,0,29.3523565866053,0,0,2020-02-15 05:42:43
"121",121,54,29,12,90057,2,0.2,3,0,0,0,0,1,0,24.2800406320021,0,0,2020-02-15 05:45:36
"122",122,52,26,38,91711,3,0.9,3,0,0,0,0,1,0,13.1261509796605,0,0,2020-02-15 05:48:28
"123",123,58,32,73,94523,2,0.7,2,0,0,0,0,1,1,25.4948956239969,0,0,2020-02-15 05:51:21
"124",124,37,13,84,92130,1,3.6,2,0,0,1,0,0,0,23.6347342934459,0,0,2020-02-15 05:54:14
"125",125,39,15,78,92121,4,2.4,1,118,0,0,0,1,0,14.1080671176314,0,0,2020-02-15 05:57:07
"126",126,60,35,80,91301,3,0.5,1,0,0,0,0,1,0,27.6639907993376,0,0,2020-02-15 06:00:00
"127",127,31,5,115,92096,2,1.3,1,101,0,0,0,1,1,22.7671334845945,0,0,2020-02-15 06:02:52
"128",128,34,8,82,92646,1,2.7,2,251,0,0,0,1,0,21.8940797960386,0,0,2020-02-15 06:05:45
"129",129,38,14,74,92182,2,0,1,0,0,1,0,1,0,29.0074933832511,0,0,2020-02-15 06:08:38
"130",130,41,16,70,92131,3,0.5,3,0,0,0,0,0,1,28.4751838585362,0,0,2020-02-15 06:11:31
"131",131,28,4,81,94801,3,1.5,1,276,0,0,0,1,0,21.6771499719471,0,0,2020-02-15 06:14:24
"132",132,58,34,149,93720,4,7.2,2,0,1,0,1,1,1,12.8674369491637,0,0,2020-02-15 06:17:16
"133",133,31,1,51,90840,2,1.75,3,0,0,0,0,0,0,20.5561758251861,0,0,2020-02-15 06:20:09
"134",134,30,4,39,90245,3,1.1,2,0,0,0,0,1,0,12.6287904614583,0,0,2020-02-15 06:23:02
"135",135,53,29,98,95035,3,1.8,2,0,0,0,0,0,0,24.0159354405478,0,0,2020-02-15 06:25:55
"136",136,58,33,45,93010,4,2.1,1,0,0,0,0,1,1,24.0318582439795,0,0,2020-02-15 06:28:48
"137",137,59,32,49,95035,4,2.5,2,0,0,0,0,1,0,17.223789752461,0,0,2020-02-15 06:31:40
"138",138,49,25,128,95054,2,0.4,1,0,0,0,0,0,0,11.4480378339067,0,0,2020-02-15 06:34:33
"139",139,59,34,42,94928,3,1.5,1,0,0,1,1,0,1,14.754651710391,0,0,2020-02-15 06:37:26
"140",140,59,35,18,93305,1,1.2,3,0,0,0,0,1,0,17.2538655111566,0,0,2020-02-15 06:40:19
"141",141,51,25,31,90245,2,0.4,3,161,0,0,0,1,1,1368.52558781393,5,0.441176470588235,2020-02-15 06:43:12
"142",142,35,11,58,95831,3,2,1,149,0,0,0,1,1,16.179534625262,0,0,2020-02-15 06:46:04
"143",143,33,9,48,91770,1,2.1,3,0,0,0,0,0,1,13.1780096888542,0,0,2020-02-15 06:48:57
"144",144,25,1,54,94117,4,1.6,1,0,0,0,0,1,1,19.4718939019367,0,0,2020-02-15 06:51:50
"145",145,49,23,70,92093,2,1.5,2,0,0,0,0,0,0,28.7069170223549,0,0,2020-02-15 06:54:43
"146",146,59,35,124,90007,1,7.4,1,0,0,0,0,0,1,17.5001977011561,0,0,2020-02-15 06:57:36
"147",147,46,19,84,94102,1,2.67,2,0,0,0,0,1,1,26.0349058080465,0,0,2020-02-15 07:00:28
"148",148,50,25,83,94542,4,3.6,3,188,0,0,0,1,0,16.4110566256568,0,0,2020-02-15 07:03:21
"149",149,52,28,163,91423,2,0.4,1,116,0,0,0,1,0,12.8194400295615,0,0,2020-02-15 07:06:14
"150",150,48,22,42,93955,3,2.2,2,0,0,0,0,0,0,10.8484230889007,0,0,2020-02-15 07:09:07
"151",151,46,22,118,94107,2,7.5,1,0,0,0,1,1,1,23.9920603996143,0,0,2020-02-15 07:12:00
"152",152,26,0,132,92834,3,6.5,3,0,1,0,0,0,1,25.5587510857731,0,0,2020-02-15 07:14:52
"153",153,57,32,24,93117,1,1.3,1,0,0,0,0,1,1,23.8932023430243,0,0,2020-02-15 07:17:45
"154",154,60,36,22,94551,2,1,1,0,0,1,1,1,1,29.1373670147732,0,0,2020-02-15 07:20:38
"155",155,54,29,58,92612,4,1.3,3,0,0,0,0,0,0,29.592514494434,0,0,2020-02-15 07:23:31
"156",156,24,0,60,94596,4,1.6,1,0,0,0,0,1,0,24.318244853057,0,0,2020-02-15 07:26:24
"157",157,26,0,15,92131,4,0.4,1,0,0,0,0,0,1,29.3789636902511,0,0,2020-02-15 07:29:16
"158",158,41,17,83,94025,4,2.67,1,0,0,0,0,1,1,28.9811612619087,0,0,2020-02-15 07:32:09
"159",159,32,6,79,94720,2,1.5,3,0,0,0,0,1,1,22.9002731479704,0,0,2020-02-15 07:35:02
"160",160,61,35,41,94545,4,1.7,2,0,0,1,0,1,0,24.5954445516691,0,0,2020-02-15 07:37:55
"161",161,29,0,134,95819,4,6.5,3,0,1,0,0,0,0,15.7687623379752,0,0,2020-02-15 07:40:48
"162",162,61,35,80,95053,2,2.8,1,0,0,0,0,1,0,21.4387701544911,0,0,2020-02-15 07:43:40
"163",163,38,12,52,90036,1,2,1,0,0,0,0,0,0,15.8138554124162,0,0,2020-02-15 07:46:33
"164",164,28,4,70,91125,4,2.6,1,0,0,0,0,1,0,25.5860272655264,0,0,2020-02-15 07:49:26
"165",165,53,27,92,95120,2,1.1,1,0,0,1,0,0,0,14.5310496352613,0,0,2020-02-15 07:52:19
"166",166,27,1,43,94706,1,1.5,1,0,0,0,0,1,0,10.0662062317133,0,0,2020-02-15 07:55:12
"167",167,25,1,21,95827,3,1,2,0,0,0,0,0,0,29.5161697780713,0,0,2020-02-15 07:58:04
"168",168,33,9,23,94305,3,0.9,3,0,0,0,0,1,1,27.2032987978309,0,0,2020-02-15 08:00:57
"169",169,50,26,13,91320,4,1,1,0,0,0,0,1,0,12.2410840447992,0,0,2020-02-15 08:03:50
"170",170,27,1,112,90503,4,2.1,3,0,0,0,0,0,1,24.3360138963908,0,0,2020-02-15 08:06:43
"171",171,27,1,138,90250,2,2,1,0,0,0,0,1,0,14.6304387319833,0,0,2020-02-15 08:09:36
"172",172,52,28,11,95817,3,0.4,1,0,0,1,0,0,0,22.9267613543198,0,0,2020-02-15 08:12:28
"173",173,38,13,171,92717,2,7.8,1,0,0,0,0,1,0,15.5774116655812,0,0,2020-02-15 08:15:21
"174",174,58,34,42,90095,4,1.5,1,0,0,0,0,1,1,24.0952851669863,0,0,2020-02-15 08:18:14
"175",175,42,17,168,95503,2,7.9,2,0,1,0,0,1,0,22.9314611433074,0,0,2020-02-15 08:21:07
"176",176,45,20,85,91711,4,1.1,2,0,0,1,0,1,0,15.159511687234,0,0,2020-02-15 08:24:00
"177",177,52,25,44,93111,3,1,2,135,0,0,0,1,0,23.1190208299085,0,0,2020-02-15 08:26:52
"178",178,29,3,65,94132,4,1.8,2,244,0,0,0,0,0,27.0632251119241,0,0,2020-02-15 08:29:45
"179",179,53,29,24,95818,4,0.2,1,0,0,0,0,1,1,16.7021828051656,0,0,2020-02-15 08:32:38
"180",180,62,37,11,91942,1,0.1,1,0,0,0,0,1,0,24.8642118088901,0,0,2020-02-15 08:35:31
"181",181,51,27,38,90401,2,1,3,164,0,0,0,1,0,1462.04464682378,5,0.441176470588235,2020-02-15 08:38:24
"182",182,36,12,10,93524,4,0.7,2,81,0,0,0,0,0,16.9765011081472,0,0,2020-02-15 08:41:16
"183",183,24,0,135,95133,1,1.5,1,0,0,0,0,1,0,24.5529281534255,0,0,2020-02-15 08:44:09
"184",184,29,3,148,92173,3,4.1,1,0,1,0,0,1,0,23.9292146917433,0,0,2020-02-15 08:47:02
"185",185,52,26,63,92717,2,1.5,2,0,0,1,0,1,0,11.1714405240491,0,0,2020-02-15 08:49:55
"186",186,39,14,115,91320,1,1,3,0,0,0,0,1,0,12.308183494024,0,0,2020-02-15 08:52:48
"187",187,48,23,45,95616,1,0.3,1,0,0,0,0,1,1,10.8171719079837,0,0,2020-02-15 08:55:40
"188",188,46,21,159,94305,3,1.9,3,315,1,0,0,1,0,24.5941957272589,0,0,2020-02-15 08:58:33
"189",189,64,40,169,91320,2,2.1,1,122,0,0,0,1,0,19.6311772847548,0,0,2020-02-15 09:01:26
"190",190,55,29,112,94043,2,1.4,1,0,0,0,0,1,0,19.3430512398481,0,0,2020-02-15 09:04:19
"191",191,60,36,93,92521,1,4.3,1,0,0,0,0,1,0,26.9063436286524,0,0,2020-02-15 09:07:12
"192",192,51,25,29,90404,1,0.3,3,140,0,0,0,0,0,28.5681903734803,0,0,2020-02-15 09:10:04
"193",193,50,23,85,92122,1,2.67,2,0,0,0,0,1,0,15.2844814630225,0,0,2020-02-15 09:12:57
"194",194,48,24,21,93118,4,0.6,1,0,0,0,0,1,1,27.6182300271466,0,0,2020-02-15 09:15:50
"195",195,53,29,144,92697,2,6.8,1,0,0,0,0,1,0,23.6663682991639,0,0,2020-02-15 09:18:43
"196",196,34,10,13,94577,4,1,1,95,0,1,0,1,0,19.8809262970462,0,0,2020-02-15 09:21:36
"197",197,48,24,165,93407,1,5,1,0,0,0,0,0,1,20.494382143952,0,0,2020-02-15 09:24:28
"198",198,55,31,9,91345,4,0.7,1,89,0,0,0,1,0,14.5459167612717,0,0,2020-02-15 09:27:21
"199",199,27,3,59,94123,4,0,1,90,0,1,0,1,0,19.9556940840557,0,0,2020-02-15 09:30:14
"200",200,36,11,158,92152,1,5.1,3,0,1,0,1,1,1,23.2116096885875,0,0,2020-02-15 09:33:07
"201",201,32,6,29,91355,1,1.9,3,0,0,0,0,1,1,18.0532833468169,0,0,2020-02-15 09:36:00
"202",202,35,9,20,94609,2,1.4,3,0,0,0,0,1,1,20.9823637548834,0,0,2020-02-15 09:38:52
"203",203,30,3,68,94306,4,2,2,0,0,0,0,1,0,10.8569708978757,0,0,2020-02-15 09:41:45
"204",204,58,34,65,95747,4,2.2,1,0,0,0,0,1,0,21.5528093324974,0,0,2020-02-15 09:44:38
"205",205,56,31,61,96150,2,1.9,2,105,0,0,0,0,0,19.6587070729584,0,0,2020-02-15 09:47:31
"206",206,38,12,91,95616,4,1.4,2,100,0,0,0,0,1,28.312946036458,0,0,2020-02-15 09:50:24
"207",207,49,25,31,91355,1,1,1,0,0,1,0,1,0,27.4548179237172,0,0,2020-02-15 09:53:16
"208",208,34,10,71,94115,4,0.1,2,0,0,0,0,0,0,16.3364130398259,0,0,2020-02-15 09:56:09
"209",209,40,16,73,94110,4,2.67,1,0,0,0,0,1,1,11.8238739389926,0,0,2020-02-15 09:59:02
"210",210,64,39,172,94707,4,3.1,1,282,1,0,1,1,1,20.7366375811398,0,0,2020-02-15 10:01:55
"211",211,51,26,20,92131,2,0,1,0,0,0,0,0,0,21.6868387581781,0,0,2020-02-15 10:04:48
"212",212,44,18,55,94720,1,0.2,1,0,0,0,0,0,0,2235.23671287112,4,0.279411764705882,2020-02-15 10:07:40
"213",213,46,22,69,91604,2,1.7,1,209,0,0,0,0,0,18.4306455077603,0,0,2020-02-15 10:10:33
"214",214,57,33,155,91326,1,7.4,1,0,0,0,0,1,0,12.7284833509475,0,0,2020-02-15 10:13:26
"215",215,54,28,94,90291,1,1.9,2,0,0,0,0,0,0,28.7636182829738,0,0,2020-02-15 10:16:19
"216",216,38,14,92,95818,2,0,1,249,0,0,0,1,1,16.7652918258682,0,0,2020-02-15 10:19:12
"217",217,27,3,125,95521,2,0.6,1,0,0,0,0,0,0,29.5739010116085,0,0,2020-02-15 10:22:04
"218",218,39,14,74,94305,3,3,1,0,0,0,0,0,0,10.9912037011236,0,0,2020-02-15 10:24:57
"219",219,44,20,72,92807,3,0.3,3,0,0,0,0,1,0,18.9224293874577,0,0,2020-02-15 10:27:50
"220",220,56,30,61,94707,1,2.2,3,0,0,0,0,1,1,14.0607448713854,0,0,2020-02-15 10:30:43
"221",221,32,6,25,92130,2,0.3,1,0,0,0,0,0,1,29.2086266586557,0,0,2020-02-15 10:33:36
"222",222,45,19,83,95051,2,1.7,2,0,0,0,0,1,0,12.6217294344679,0,0,2020-02-15 10:36:28
"223",223,26,2,104,94306,3,2.5,1,0,0,0,0,0,0,10.4422472650185,0,0,2020-02-15 10:39:21
"224",224,55,25,41,95014,3,1,3,0,0,0,0,1,0,29.8099393304437,0,0,2020-02-15 10:42:14
"225",225,52,27,58,94305,4,1.8,3,91,0,0,0,0,0,23.6320934537798,0,0,2020-02-15 10:45:07
"226",226,39,13,93,94720,1,1.5,3,0,0,0,0,0,1,19.9896968808025,0,0,2020-02-15 10:48:00
"227",227,24,-1,39,94085,2,1.7,2,0,0,0,0,0,0,15.3907357621938,0,0,2020-02-15 10:50:52
"228",228,47,23,148,94551,2,7.5,1,0,0,0,1,1,1,11.1743379151449,0,0,2020-02-15 10:53:45
"229",229,47,22,53,92677,4,1.9,3,98,0,1,1,0,1,15.5946560949087,0,0,2020-02-15 10:56:38
"230",230,48,24,71,93117,2,1.7,1,145,0,0,0,0,1,29.3868374684826,0,0,2020-02-15 10:59:31
"231",231,47,22,92,94720,1,2.8,2,0,0,0,0,1,0,10.2378373127431,0,0,2020-02-15 11:02:24
"232",232,35,10,61,94304,4,2.1,3,0,0,0,0,1,0,11.5569004975259,0,0,2020-02-15 11:05:16
"233",233,46,19,38,94122,3,2.5,2,135,0,0,0,0,0,28.1025159126148,0,0,2020-02-15 11:08:09
"234",234,62,37,58,91320,4,1.7,1,0,0,0,0,1,0,18.5079146316275,0,0,2020-02-15 11:11:02
"235",235,26,1,80,95616,1,0.8,2,150,0,0,0,0,0,19.3007290875539,0,0,2020-02-15 11:13:55
"236",236,38,8,71,94720,4,1.8,3,0,0,0,0,1,0,18.6221088608727,0,0,2020-02-15 11:16:48
"237",237,43,18,89,93407,3,0.5,3,0,0,0,0,1,1,29.9743737094104,0,0,2020-02-15 11:19:40
"238",238,62,38,83,92521,1,1.8,3,0,0,0,0,1,0,29.2127690510824,0,0,2020-02-15 11:22:33
"239",239,57,32,28,95831,3,0.2,1,0,0,0,0,1,1,17.9859841009602,0,0,2020-02-15 11:25:26
"240",240,28,3,52,94112,4,1.7,2,0,0,0,0,0,0,22.5939759612083,0,0,2020-02-15 11:28:19
"241",241,51,26,70,90089,1,1.2,1,169,0,0,0,0,0,10.1650734012946,0,0,2020-02-15 11:31:12
"242",242,48,22,71,91711,1,1.4,3,0,0,0,0,0,1,19.9862191313878,0,0,2020-02-15 11:34:04
"243",243,41,16,75,94005,1,3.7,3,280,0,0,0,0,0,16.3964750384912,0,0,2020-02-15 11:36:57
"244",244,65,39,170,90095,3,7.9,3,99,1,0,1,1,0,23.3480734657496,0,0,2020-02-15 11:39:50
"245",245,41,17,78,94025,4,0.8,1,78,0,0,0,1,0,22.4896230129525,0,0,2020-02-15 11:42:43
"246",246,35,11,25,92614,2,1,2,0,0,0,0,0,0,23.9389211684465,0,0,2020-02-15 11:45:36
"247",247,38,14,60,94025,2,0.6,3,0,0,0,0,1,1,19.9700004979968,0,0,2020-02-15 11:48:28
"248",248,53,29,120,92626,4,2.7,2,111,1,1,1,1,0,15.5636634584516,0,0,2020-02-15 11:51:21
"249",249,55,29,99,92121,2,1.4,1,264,0,0,0,1,1,16.3781485008076,0,0,2020-02-15 11:54:14
"250",250,26,1,55,90089,3,2.6,3,113,0,0,0,0,1,27.1217498090118,0,0,2020-02-15 11:57:07
"251",251,30,6,29,94305,3,1,2,117,0,0,0,0,0,27.5738983321935,0,0,2020-02-15 12:00:00
"252",252,54,28,170,92182,2,6.2,2,325,1,0,0,1,0,2480.50667245407,3,0.132352941176471,2020-02-15 12:02:52
"253",253,65,40,53,91711,3,2.2,1,0,0,0,0,0,1,26.4022401114926,0,0,2020-02-15 12:05:45
"254",254,47,21,138,94583,1,0,1,0,0,0,0,0,0,17.447163136676,0,0,2020-02-15 12:08:38
"255",255,65,41,134,91942,3,3.9,3,121,1,0,0,1,0,24.0679467841983,0,0,2020-02-15 12:11:31
"256",256,66,40,42,92103,2,0.7,3,138,0,0,0,0,1,19.9152699438855,0,0,2020-02-15 12:14:24
"257",257,26,0,99,92697,4,2.3,3,0,0,0,0,0,1,16.1553472513333,0,0,2020-02-15 12:17:16
"258",258,66,41,18,92691,3,0.5,1,0,0,0,0,0,1,15.1582532562315,0,0,2020-02-15 12:20:09
"259",259,35,9,24,95747,4,0.3,1,0,0,0,0,1,0,24.7992689255625,0,0,2020-02-15 12:23:02
"260",260,56,30,55,94107,1,1.4,1,77,0,0,0,1,0,29.200605629012,0,0,2020-02-15 12:25:55
"261",261,51,27,58,92407,1,0,1,0,0,0,0,0,1,23.3385347388685,0,0,2020-02-15 12:28:48
"262",262,42,16,111,93106,2,1.2,3,251,1,0,0,1,0,12.79886696022,0,0,2020-02-15 12:31:40
"263",263,49,23,33,90245,1,0.3,3,0,0,0,1,1,1,10.7482373388484,0,0,2020-02-15 12:34:33
"264",264,27,1,74,92121,4,1.8,2,112,0,0,0,1,1,23.3621268859133,0,0,2020-02-15 12:37:26
"265",265,45,19,38,90840,2,0.7,1,0,0,0,0,0,0,28.2274636533111,0,0,2020-02-15 12:40:19
"266",266,49,23,23,94305,4,0.6,3,98,0,1,0,0,0,19.6725455159321,0,0,2020-02-15 12:43:12
"267",267,63,38,61,94720,2,1.5,1,0,0,0,0,1,0,2252.84751164727,4,0.279411764705882,2020-02-15 12:46:04
"268",268,47,22,81,90504,1,2.9,1,138,0,0,0,0,0,21.281901197508,0,0,2020-02-15 12:48:57
"269",269,64,39,129,94002,1,2.5,1,0,0,0,0,1,0,23.3620960731059,0,0,2020-02-15 12:51:50
"270",270,43,13,33,95039,1,0.75,3,0,0,0,0,0,0,27.0045442832634,0,0,2020-02-15 12:54:43
"271",271,60,36,63,94063,4,2.2,1,0,0,0,0,1,0,24.7975113801658,0,0,2020-02-15 12:57:36
"272",272,40,14,70,94923,4,1.4,2,0,0,0,0,1,0,26.9242099300027,0,0,2020-02-15 13:00:28
"273",273,29,3,45,95023,4,0.2,1,158,0,0,0,1,1,1330.51854595542,5,0.441176470588235,2020-02-15 13:03:21
"274",274,41,16,65,90095,3,0.5,3,0,0,0,0,1,0,17.1858899109066,0,0,2020-02-15 13:06:14
"275",275,30,5,74,95616,4,2.2,1,0,0,1,0,0,1,28.4359559975564,0,0,2020-02-15 13:09:07
"276",276,49,24,50,94706,4,1.8,3,0,0,1,0,0,0,18.808929361403,0,0,2020-02-15 13:12:00
"277",277,30,5,22,90058,4,0.5,3,109,0,0,0,1,0,18.5327547509223,0,0,2020-02-15 13:14:52
"278",278,29,2,30,92126,4,1,3,0,0,0,0,0,0,12.2553706262261,0,0,2020-02-15 13:17:45
"279",279,50,26,21,91125,4,1,1,0,0,0,0,1,0,28.050333452411,0,0,2020-02-15 13:20:38
"280",280,39,14,155,94577,2,3.9,1,0,0,0,0,1,0,25.9621121175587,0,0,2020-02-15 13:23:31
"281",281,33,8,64,92121,4,2.1,3,164,0,0,0,1,0,19.8801690666005,0,0,2020-02-15 13:26:24
"282",282,57,31,65,94118,4,2.6,3,0,0,0,0,0,1,29.0162821952254,0,0,2020-02-15 13:29:16
"283",283,34,9,71,91711,4,0.7,3,0,0,0,0,1,0,28.8136084098369,0,0,2020-02-15 13:32:09
"284",284,61,36,40,90029,3,0.5,2,0,0,1,0,1,0,15.5424595670775,0,0,2020-02-15 13:35:02
"285",285,44,19,69,92806,3,0.5,3,0,0,0,0,1,0,27.607473442331,0,0,2020-02-15 13:37:55
"286",286,40,13,69,94305,3,2.33,2,0,0,0,0,0,0,15.1558211958036,0,0,2020-02-15 13:40:48
"287",287,51,25,45,94806,3,0.6,2,131,0,0,0,1,0,26.0401262482628,0,0,2020-02-15 13:43:40
"288",288,37,12,62,92110,3,0.7,2,0,0,0,0,0,1,13.7723312480375,0,0,2020-02-15 13:46:33
"289",289,44,19,172,94306,2,4.3,3,391,1,1,1,1,0,26.1847054725513,0,0,2020-02-15 13:49:26
"290",290,42,15,24,92121,3,1,2,0,0,0,0,1,1,14.5750101329759,0,0,2020-02-15 13:52:19
"291",291,51,25,80,92373,1,4.9,1,0,0,0,0,0,0,26.3827439863235,0,0,2020-02-15 13:55:12
"292",292,43,16,8,90089,3,0.67,2,88,0,0,0,1,0,20.5437131598592,0,0,2020-02-15 13:58:04
"293",293,30,5,38,94542,4,0.8,1,129,0,0,0,1,1,16.1926034279168,0,0,2020-02-15 14:00:57
"294",294,45,19,93,90095,4,2.6,3,0,0,0,0,0,0,28.9180896943435,0,0,2020-02-15 14:03:50
"295",295,35,9,55,94536,1,2,1,0,0,0,0,1,0,26.89391375985,0,0,2020-02-15 14:06:43
"296",296,60,34,64,94304,2,1.7,3,0,0,0,0,0,1,14.2136461054906,0,0,2020-02-15 14:09:36
"297",297,34,9,122,90623,1,0,1,0,0,0,0,1,0,18.696290133521,0,0,2020-02-15 14:12:28
"298",298,55,25,70,93720,3,1.4,3,0,0,0,0,1,0,22.2761094756424,0,0,2020-02-15 14:15:21
"299",299,43,19,81,92069,2,3.2,1,0,0,0,0,0,0,16.4921495923772,0,0,2020-02-15 14:18:14
"300",300,41,15,159,90057,1,5.5,3,0,1,0,1,1,0,13.6140174278989,0,0,2020-02-15 14:21:07
"301",301,34,9,70,92843,4,1.3,1,0,0,1,0,0,0,24.3869424564764,0,0,2020-02-15 14:24:00
"302",302,65,39,150,92120,2,6.9,1,196,0,0,0,0,0,2598.0892972555,3,0.132352941176471,2020-02-15 14:26:52
"303",303,45,21,152,94550,2,7.5,1,0,0,0,0,1,0,12.5530014932156,0,0,2020-02-15 14:29:45
"304",304,49,25,195,95605,4,3,1,617,1,0,0,0,0,21.7220305465162,0,0,2020-02-15 14:32:38
"305",305,48,23,22,90740,1,0.1,1,0,0,0,0,0,0,16.8168047629297,0,0,2020-02-15 14:35:31
"306",306,60,35,22,91207,1,1.3,1,123,0,0,0,1,0,14.2354978015646,0,0,2020-02-15 14:38:24
"307",307,55,29,79,92373,3,0.8,1,0,0,0,0,1,1,24.5367566403002,0,0,2020-02-15 14:41:16
"308",308,42,18,33,90401,1,1.4,3,0,0,0,0,1,0,24.250357253477,0,0,2020-02-15 14:44:09
"309",309,32,8,128,94720,2,4.33,1,0,0,0,1,1,1,2253.41165671125,4,0.279411764705882,2020-02-15 14:47:02
"310",310,62,38,91,95929,1,3.8,1,0,0,1,0,1,0,27.2196901962161,0,0,2020-02-15 14:49:55
"311",311,57,32,39,90277,4,0.9,1,0,0,0,0,1,1,29.328855117783,0,0,2020-02-15 14:52:48
"312",312,52,26,121,94550,1,7.3,1,167,0,0,0,1,0,28.0339774489403,0,0,2020-02-15 14:55:40
"313",313,36,6,21,91741,1,0.67,3,0,0,1,0,1,0,15.6751753157005,0,0,2020-02-15 14:58:33
"314",314,34,9,41,93720,3,2.3,1,0,0,0,0,0,1,20.8769042370841,0,0,2020-02-15 15:01:26
"315",315,63,37,45,93437,2,0.7,3,0,0,0,0,1,0,15.6214318191633,0,0,2020-02-15 15:04:19
"316",316,24,-2,51,90630,3,0.3,3,0,0,0,0,1,0,25.4953004792333,0,0,2020-02-15 15:07:12
"317",317,57,31,165,95054,1,1.6,2,0,1,0,0,1,0,24.9104231549427,0,0,2020-02-15 15:10:04
"318",318,40,16,119,91335,2,4.2,2,0,1,0,0,1,0,11.7188087757677,0,0,2020-02-15 15:12:57
"319",319,27,2,110,95670,4,1.8,3,190,0,0,0,1,0,18.5387387592345,0,0,2020-02-15 15:15:50
"320",320,65,39,20,90034,3,0.7,2,0,0,0,0,0,1,27.8094064444304,0,0,2020-02-15 15:18:43
"321",321,60,34,64,90266,1,0.8,2,248,0,0,0,0,0,27.9721981752664,0,0,2020-02-15 15:21:36
"322",322,44,20,101,92717,3,4.4,2,82,1,0,0,0,0,1548.90971081331,2,0.0785294117647059,2020-02-15 15:24:28
"323",323,63,39,101,92007,1,3.9,1,0,1,1,1,1,0,12.686327365227,0,0,2020-02-15 15:27:21
"324",324,59,34,99,90034,1,4.4,1,0,1,0,0,0,0,26.7628331296146,0,0,2020-02-15 15:30:14
"325",325,56,30,158,90089,4,6.1,1,0,1,0,0,0,0,19.3385498318821,0,0,2020-02-15 15:33:07
"326",326,54,28,89,95039,1,1.9,2,0,0,0,0,1,1,22.7387676248327,0,0,2020-02-15 15:36:00
"327",327,52,27,80,95616,1,1.3,3,0,0,0,1,1,1,17.6393591985106,0,0,2020-02-15 15:38:52
"328",328,58,32,114,91330,2,2,1,402,0,0,0,1,0,10.4796032421291,0,0,2020-02-15 15:41:45
"329",329,60,35,49,94110,3,0.5,2,0,0,0,0,1,1,27.0125679392368,0,0,2020-02-15 15:44:38
"330",330,28,4,191,90064,1,6.33,1,0,0,0,0,1,0,20.9895550040528,0,0,2020-02-15 15:47:31
"331",331,54,30,78,92374,4,1,2,0,0,0,0,1,0,14.1979797556996,0,0,2020-02-15 15:50:24
"332",332,32,6,28,94115,3,1,1,0,0,0,0,0,0,28.7646399252117,0,0,2020-02-15 15:53:16
"333",333,59,33,42,95630,1,0.8,2,0,0,0,0,1,0,13.1291094655171,0,0,2020-02-15 15:56:09
"334",334,63,38,140,92407,1,2.5,1,0,0,0,0,0,0,14.5823536394164,0,0,2020-02-15 15:59:02
"335",335,48,23,45,95053,1,1.3,2,0,0,0,0,1,0,16.091319071129,0,0,2020-02-15 16:01:55
"336",336,56,32,122,95827,2,0.3,1,360,0,0,1,1,1,17.988149439916,0,0,2020-02-15 16:04:48
"337",337,36,12,65,95051,3,2.6,2,0,0,0,0,1,0,20.2007945347577,0,0,2020-02-15 16:07:40
"338",338,57,27,68,94117,1,1.4,3,0,0,0,0,1,0,22.1269777510315,0,0,2020-02-15 16:10:33
"339",339,29,3,153,93657,2,2,1,392,0,0,0,0,0,25.7663103658706,0,0,2020-02-15 16:13:26
"340",340,39,13,89,92110,4,1.4,2,0,0,0,0,0,0,24.5243243640289,0,0,2020-02-15 16:16:19
"341",341,59,34,91,93524,1,2.6,1,0,0,0,0,1,1,28.2872934127226,0,0,2020-02-15 16:19:12
"342",342,31,6,55,92038,4,2,2,185,0,0,0,1,0,13.581835119985,0,0,2020-02-15 16:22:04
"343",343,43,19,118,91304,2,3.3,1,0,0,0,0,0,1,12.5458292197436,0,0,2020-02-15 16:24:57
"344",344,35,5,22,93407,1,0.67,3,103,0,0,0,0,0,26.8968245107681,0,0,2020-02-15 16:27:50
"345",345,54,24,63,92606,3,1.4,3,138,0,0,0,1,1,12.3508830275387,0,0,2020-02-15 16:30:43
"346",346,51,27,12,92192,4,0.5,2,78,0,1,0,1,0,14.1904584039003,0,0,2020-02-15 16:33:36
"347",347,44,19,50,90745,3,2.7,2,0,0,0,0,1,0,29.374319142662,0,0,2020-02-15 16:36:28
"348",348,25,0,43,94305,2,1.6,3,0,0,1,1,1,1,24.6193017717451,0,0,2020-02-15 16:39:21
"349",349,40,15,173,95060,4,6.6,1,0,1,0,1,1,1,14.2250396916643,0,0,2020-02-15 16:42:14
"350",350,26,2,60,93407,2,3,1,132,1,0,0,0,0,23.2780076842755,0,0,2020-02-15 16:45:07
"351",351,39,14,113,94301,1,1,3,0,0,1,0,1,0,20.0099588604644,0,0,2020-02-15 16:48:00
"352",352,28,4,155,92182,4,5.3,2,0,1,0,0,1,0,15.8819109434262,0,0,2020-02-15 16:50:52
"353",353,52,28,91,92692,4,1,2,0,0,0,0,0,1,13.9190255478024,0,0,2020-02-15 16:53:45
"354",354,53,29,55,95818,4,1.1,2,0,0,0,0,1,0,28.3180582197383,0,0,2020-02-15 16:56:38
"355",355,44,20,173,90277,2,1.4,1,419,0,0,0,1,0,14.3034045351669,0,0,2020-02-15 16:59:31
"356",356,43,19,71,92101,3,0.3,3,0,0,0,0,0,1,14.9073494086042,0,0,2020-02-15 17:02:24
"357",357,56,30,24,94704,2,0.4,3,88,0,0,0,0,0,24.8734331596643,0,0,2020-02-15 17:05:16
"358",358,38,14,42,94610,1,2,2,81,0,0,0,1,0,15.3384402254596,0,0,2020-02-15 17:08:09
"359",359,30,6,141,94539,2,4.33,1,0,0,0,0,1,0,20.5329085048288,0,0,2020-02-15 17:11:02
"360",360,32,6,32,93106,1,1.9,3,0,0,0,0,1,0,25.0707105221227,0,0,2020-02-15 17:13:55
"361",361,35,10,55,94539,4,1.3,1,0,0,0,0,0,0,13.7315415497869,0,0,2020-02-15 17:16:48
"362",362,43,19,153,90254,2,7.5,1,0,0,0,0,1,0,29.4064151309431,0,0,2020-02-15 17:19:40
"363",363,58,32,113,94590,2,1.4,1,270,0,0,0,0,1,12.9413216607645,0,0,2020-02-15 17:22:33
"364",364,25,0,30,92691,2,1.7,2,0,0,0,0,0,0,17.4917871691287,0,0,2020-02-15 17:25:26
"365",365,54,24,29,92028,3,1,3,148,0,0,0,0,1,17.9672216949984,0,0,2020-02-15 17:28:19
"366",366,57,32,174,90089,1,6.8,2,466,1,0,0,1,0,17.986474451609,0,0,2020-02-15 17:31:12
"367",367,50,24,35,92717,1,0.3,3,0,0,0,0,1,0,14.8330346960574,0,0,2020-02-15 17:34:04
"368",368,32,8,98,95054,2,2,2,175,0,0,0,1,0,11.5018527209759,0,0,2020-02-15 17:36:57
"369",369,63,37,30,92054,2,1,3,159,0,0,0,1,0,1383.46061883494,5,0.441176470588235,2020-02-15 17:39:50
"370",370,31,6,58,95051,2,2.5,1,0,0,0,0,0,1,24.2351689189672,0,0,2020-02-15 17:42:43
"371",371,36,12,25,92101,4,1,1,147,0,0,0,0,0,16.4540940755978,0,0,2020-02-15 17:45:36
"372",372,58,34,19,92029,4,0.7,1,0,0,0,0,0,0,18.3795033302158,0,0,2020-02-15 17:48:28
"373",373,56,30,44,93105,4,0.7,2,174,0,0,0,1,0,1439.1233775299,5,0.441176470588235,2020-02-15 17:51:21
"374",374,49,25,20,90291,4,1,1,111,0,0,0,1,1,24.3323256494477,0,0,2020-02-15 17:54:14
"375",375,30,5,98,91941,2,3.1,1,220,0,0,0,1,0,20.549005032517,0,0,2020-02-15 17:57:07
"376",376,33,7,90,92346,3,1.6,1,0,0,0,0,1,0,27.8248294955119,0,0,2020-02-15 18:00:00
"377",377,45,21,61,94304,3,0.7,1,0,0,0,0,0,0,29.1623409092426,0,0,2020-02-15 18:02:52
"378",378,30,5,40,94402,4,2,2,0,0,0,0,1,0,19.6780548896641,0,0,2020-02-15 18:05:45
"379",379,47,23,38,94618,2,2.1,3,0,0,0,0,0,0,25.4488086421043,0,0,2020-02-15 18:08:38
"380",380,25,0,28,92093,2,1.7,2,0,0,0,0,0,0,26.3969458220527,0,0,2020-02-15 18:11:31
"381",381,63,33,34,94305,1,1.5,3,0,0,0,0,1,1,22.0796842919663,0,0,2020-02-15 18:14:24
"382",382,55,29,73,95616,2,2.3,3,0,0,0,0,1,1,11.7392853694037,0,0,2020-02-15 18:17:16
"383",383,65,41,133,94904,4,2,1,0,1,0,0,0,1,10.9495447715744,0,0,2020-02-15 18:20:09
"384",384,44,18,53,94608,1,0.2,1,0,0,0,0,1,0,27.8098341170698,0,0,2020-02-15 18:23:02
"385",385,51,25,21,9307,4,0.6,3,0,0,0,0,1,1,12.708081533201,0,0,2020-02-15 18:25:55
"386",386,35,9,40,93943,3,0.9,1,0,0,0,0,1,0,15.3482566820458,0,0,2020-02-15 18:28:48
"387",387,30,5,41,95051,4,1.7,2,0,0,0,0,1,0,29.7131900023669,0,0,2020-02-15 18:31:40
"388",388,31,5,82,95482,4,1.8,2,0,0,0,0,1,0,24.4865792244673,0,0,2020-02-15 18:34:33
"389",389,54,30,100,95814,4,3.4,3,0,1,0,0,0,0,26.0282926354557,0,0,2020-02-15 18:37:26
"390",390,45,20,155,90024,1,7,1,0,0,0,0,1,1,26.9544413732365,0,0,2020-02-15 18:40:19
"391",391,45,19,45,92521,1,0.2,1,0,0,0,0,1,0,23.5663507413119,0,0,2020-02-15 18:43:12
"392",392,58,32,9,94080,3,0.3,3,0,0,0,0,0,1,22.8923894744366,0,0,2020-02-15 18:46:04
"393",393,54,29,48,91709,4,1.8,3,0,0,0,0,1,0,17.7705291192979,0,0,2020-02-15 18:48:57
"394",394,53,28,18,90095,4,0.1,3,109,0,1,1,1,1,21.5452021081001,0,0,2020-02-15 18:51:50
"395",395,33,9,80,91311,4,3.4,1,0,0,0,0,1,1,28.5510642081499,0,0,2020-02-15 18:54:43
"396",396,60,35,64,94509,2,2.8,1,0,0,0,0,0,0,21.6037411335856,0,0,2020-02-15 18:57:36
"397",397,50,24,29,93023,4,0.1,1,0,0,0,0,0,0,17.4594407854602,0,0,2020-02-15 19:00:28
"398",398,26,2,48,90503,3,0.7,2,0,0,0,0,1,0,23.8803167827427,0,0,2020-02-15 19:03:21
"399",399,54,30,23,94608,2,0.4,1,0,0,0,0,0,0,19.8425098741427,0,0,2020-02-15 19:06:14
"400",400,28,3,84,90024,4,0.2,1,0,0,0,0,1,1,22.3741971701384,0,0,2020-02-15 19:09:07
"401",401,36,10,179,94542,3,6.6,1,0,1,0,0,1,0,27.3256905283779,0,0,2020-02-15 19:12:00
"402",402,29,2,30,95747,4,1.5,2,112,0,0,0,0,1,24.4973452622071,0,0,2020-02-15 19:14:52
"403",403,54,28,93,91604,1,4.9,1,133,0,0,1,1,1,18.775528552942,0,0,2020-02-15 19:17:45
"404",404,55,30,39,92647,2,1.9,2,0,0,0,0,0,0,25.572694838047,0,0,2020-02-15 19:20:38
"405",405,61,36,60,92866,3,0.5,2,182,0,0,0,0,0,20.3709338838235,0,0,2020-02-15 19:23:31
"406",406,36,11,133,90245,1,3.8,1,290,0,1,1,1,1,11.8208819674328,0,0,2020-02-15 19:26:24
"407",407,45,19,125,92354,1,2.4,1,0,0,0,0,0,0,25.1453519798815,0,0,2020-02-15 19:29:16
"408",408,64,40,58,93437,1,1.8,3,0,0,0,0,1,0,21.6722975531593,0,0,2020-02-15 19:32:09
"409",409,60,36,89,91745,2,2.8,1,0,0,0,0,1,0,27.6322927651927,0,0,2020-02-15 19:35:02
"410",410,49,22,82,90019,1,2.67,2,125,0,0,0,1,0,25.5870857648551,0,0,2020-02-15 19:37:55
"411",411,47,23,110,94111,2,3.3,1,0,0,0,0,1,1,15.4634633054957,0,0,2020-02-15 19:40:48
"412",412,60,36,54,92182,4,2.3,3,0,0,1,0,0,0,10.9922159230337,0,0,2020-02-15 19:43:40
"413",413,45,20,89,93311,4,1.9,3,0,0,0,0,1,0,14.3209855444729,0,0,2020-02-15 19:46:33
"414",414,32,7,42,92407,3,2.3,1,0,0,0,0,1,0,26.2424988718703,0,0,2020-02-15 19:49:26
"415",415,52,28,41,94309,3,1.9,2,0,0,0,0,0,1,16.9256281340495,0,0,2020-02-15 19:52:19
"416",416,35,8,38,93106,4,1,2,124,0,0,0,1,0,27.7256786311045,0,0,2020-02-15 19:55:12
"417",417,40,15,85,94304,2,0.4,1,0,0,0,0,1,0,22.0791843766347,0,0,2020-02-15 19:58:04
"418",418,53,29,83,90073,4,1,2,0,0,0,0,1,0,21.7087985156104,0,0,2020-02-15 20:00:57
"419",419,27,0,33,90089,4,1,3,0,0,0,0,0,0,23.172121476382,0,0,2020-02-15 20:03:50
"420",420,58,33,50,94501,4,2.1,1,0,0,0,0,0,1,19.1647644294426,0,0,2020-02-15 20:06:43
"421",421,47,22,58,93105,4,3.6,3,0,0,0,0,1,1,11.4732086379081,0,0,2020-02-15 20:09:36
"422",422,28,3,115,92333,4,3.1,2,0,1,0,0,0,0,15.953447050415,0,0,2020-02-15 20:12:28
"423",423,46,20,145,91380,2,6.3,1,0,0,1,1,1,0,10.0783909671009,0,0,2020-02-15 20:15:21
"424",424,43,19,161,95616,2,7.5,1,0,0,0,0,0,0,22.3933586385101,0,0,2020-02-15 20:18:14
"425",425,56,30,38,92029,1,0.2,1,0,0,0,0,0,0,19.6870214445516,0,0,2020-02-15 20:21:07
"426",426,28,3,28,90505,4,0.8,1,0,0,0,0,1,0,20.5768289556727,0,0,2020-02-15 20:24:00
"427",427,42,18,75,92182,3,2.33,1,0,0,0,0,0,1,13.1673335283995,0,0,2020-02-15 20:26:52
"428",428,32,7,35,92521,3,1.3,1,116,0,0,0,0,1,27.756865224801,0,0,2020-02-15 20:29:45
"429",429,62,38,24,94720,2,1,1,116,0,0,0,0,1,2279.50678761117,4,0.279411764705882,2020-02-15 20:32:38
"430",430,37,13,78,94998,4,0.1,2,0,0,0,0,1,0,28.1435521040112,0,0,2020-02-15 20:35:31
"431",431,51,26,113,94086,1,1.3,3,161,0,0,0,1,0,15.6512304162607,0,0,2020-02-15 20:38:24
"432",432,39,13,75,94305,3,2.1,1,224,0,0,0,1,0,26.9393905811012,0,0,2020-02-15 20:41:16
"433",433,43,17,91,91311,1,5.7,1,0,0,0,0,1,0,18.1492244033143,0,0,2020-02-15 20:44:09
"434",434,52,28,31,91330,4,0.2,1,141,0,0,0,1,1,17.8464370686561,0,0,2020-02-15 20:47:02
"435",435,30,6,45,95819,1,1.8,2,0,0,0,0,1,0,23.4634034335613,0,0,2020-02-15 20:49:55
"436",436,52,26,80,94709,3,0.8,1,0,0,0,0,0,0,15.6741982325912,0,0,2020-02-15 20:52:48
"437",437,61,35,50,92122,3,1.4,3,112,0,0,0,1,0,20.2100942982361,0,0,2020-02-15 20:55:40
"438",438,36,9,31,95825,4,1,2,0,0,1,0,1,0,23.30205115024,0,0,2020-02-15 20:58:33
"439",439,58,32,113,93943,2,3.8,2,119,1,0,1,1,1,26.2461604224518,0,0,2020-02-15 21:01:26
"440",440,47,23,29,94304,4,0.6,1,0,0,0,0,1,0,17.5238594599068,0,0,2020-02-15 21:04:19
"441",441,64,39,59,92626,2,1.5,1,139,0,0,0,1,0,16.5203749248758,0,0,2020-02-15 21:07:12
"442",442,52,27,43,93555,1,1.3,2,0,0,1,0,1,0,17.4508171342313,0,0,2020-02-15 21:10:04
"443",443,58,28,122,95136,1,3,3,115,1,0,0,1,0,11.5035399934277,0,0,2020-02-15 21:12:57
"444",444,48,24,29,90509,1,1,1,0,0,0,0,0,0,18.9513502363116,0,0,2020-02-15 21:15:50
"445",445,64,40,91,93106,2,0,3,0,0,0,0,1,1,13.0232180980965,0,0,2020-02-15 21:18:43
"446",446,58,32,65,94590,3,2.2,3,0,0,0,0,1,0,13.121478469111,0,0,2020-02-15 21:21:36
"447",447,47,23,22,93108,1,1,1,0,0,0,0,0,1,10.1736699044704,0,0,2020-02-15 21:24:28
"448",448,49,23,71,95134,1,1.4,3,0,0,0,0,0,0,26.8921100255102,0,0,2020-02-15 21:27:21
"449",449,31,4,60,94588,4,2,2,0,0,0,0,1,1,14.3871408933774,0,0,2020-02-15 21:30:14
"450",450,61,37,60,91706,3,2,3,0,0,0,0,1,0,16.1178191099316,0,0,2020-02-15 21:33:07
"451",451,51,25,69,95747,1,0.3,1,0,0,0,0,1,1,26.7539832089096,0,0,2020-02-15 21:36:00
"452",452,28,-2,48,94132,2,1.75,3,89,0,0,0,1,0,19.9471162445843,0,0,2020-02-15 21:38:52
"453",453,39,13,21,94022,3,0.2,2,0,0,0,0,0,0,25.0248479936272,0,0,2020-02-15 21:41:45
"454",454,54,28,53,92109,4,2.8,2,0,0,1,0,0,0,28.8932055886835,0,0,2020-02-15 21:44:38
"455",455,50,24,29,94110,3,0.9,3,0,0,0,0,0,0,13.7723718117923,0,0,2020-02-15 21:47:31
"456",456,30,4,60,91107,4,2.2,2,0,0,0,0,1,0,2002.01749159954,1,0.0735294117647059,2020-02-15 21:50:24
"457",457,64,39,42,92068,3,0.5,2,116,0,0,0,1,0,21.1822926113382,0,0,2020-02-15 21:53:16
"458",458,29,3,69,94303,3,0.3,3,0,0,0,0,0,0,27.2262127930298,0,0,2020-02-15 21:56:09
"459",459,48,24,20,95841,1,1,1,0,0,0,0,1,1,29.6478596609086,0,0,2020-02-15 21:59:02
"460",460,35,10,200,91107,2,3,1,458,0,0,0,0,0,2014.27106110379,1,0.0735294117647059,2020-02-15 22:01:55
"461",461,60,36,141,90277,2,2.1,1,0,0,0,0,1,1,24.410708588548,0,0,2020-02-15 22:04:48
"462",462,55,30,81,92123,2,3.7,1,0,0,1,0,0,0,24.7135632066056,0,0,2020-02-15 22:07:40
"463",463,29,4,183,91423,3,8.3,3,0,1,0,0,1,0,21.1343852151185,0,0,2020-02-15 22:10:33
"464",464,48,22,149,94928,2,5.5,2,0,1,1,1,1,0,23.0607560928911,0,0,2020-02-15 22:13:26
"465",465,43,19,83,94305,4,3.6,3,0,1,0,0,0,1,18.2592468056828,0,0,2020-02-15 22:16:19
"466",466,66,42,35,94305,1,1.9,2,172,0,0,0,1,0,1396.43256398849,5,0.441176470588235,2020-02-15 22:19:12
"467",467,25,0,13,91342,2,0.9,3,0,0,0,0,1,0,15.4231218574569,0,0,2020-02-15 22:22:04
"468",468,45,20,39,90232,1,2.4,1,0,0,0,0,0,1,28.5257625533268,0,0,2020-02-15 22:24:57
"469",469,34,10,21,92634,1,0.5,3,0,0,0,0,1,0,29.3421371327713,0,0,2020-02-15 22:27:50
"470",470,48,23,10,94609,2,0.7,3,0,0,0,0,1,1,18.0694798845798,0,0,2020-02-15 22:30:43
"471",471,32,6,84,91006,4,1.8,2,0,0,0,0,0,0,28.802739623934,0,0,2020-02-15 22:33:36
"472",472,50,24,30,91768,4,0.1,1,161,0,0,0,1,1,1362.38727103919,5,0.441176470588235,2020-02-15 22:36:28
"473",473,43,19,31,90007,4,0.3,1,156,0,0,0,1,0,1333.6118105799,5,0.441176470588235,2020-02-15 22:39:21
"474",474,64,39,182,93955,1,1.2,2,547,1,0,0,1,0,13.0698068905622,0,0,2020-02-15 22:42:14
"475",475,60,34,114,90028,2,6.9,1,0,0,0,0,1,0,11.8117590434849,0,0,2020-02-15 22:45:07
"476",476,43,19,152,92008,3,6.1,2,0,1,0,0,0,0,1511.37788952328,2,0.0785294117647059,2020-02-15 22:48:00
"477",477,60,34,53,92717,1,0.8,2,0,0,1,0,0,1,19.6169789601117,0,0,2020-02-15 22:50:52
"478",478,64,39,24,95112,4,0.4,2,78,0,0,0,1,0,19.5120643358678,0,0,2020-02-15 22:53:45
"479",479,44,20,150,95060,2,3.3,1,0,0,0,0,0,1,10.4798927204683,0,0,2020-02-15 22:56:38
"480",480,60,36,132,92154,2,6,1,470,0,0,0,1,1,2321.7627630569,3,0.132352941176471,2020-02-15 22:59:31
"481",481,54,29,68,94998,3,1.6,3,0,0,0,0,1,1,18.7689294619486,0,0,2020-02-15 23:02:24
"482",482,33,9,53,94063,1,1.2,1,0,0,0,0,0,1,16.76543016918,0,0,2020-02-15 23:05:16
"483",483,56,32,173,94022,1,4.6,2,88,1,0,1,1,0,14.213828202337,0,0,2020-02-15 23:08:09
"484",484,29,5,30,90095,3,1,2,0,0,0,0,0,0,22.2845034766942,0,0,2020-02-15 23:11:02
"485",485,25,1,113,95023,2,0.2,1,0,0,0,0,1,1,11.6503559146076,0,0,2020-02-15 23:13:55
"486",486,60,34,15,95014,1,0.8,2,0,0,0,0,1,0,24.7124174982309,0,0,2020-02-15 23:16:48
"487",487,55,30,84,92173,2,3.7,1,304,0,1,0,1,0,15.3511938685551,0,0,2020-02-15 23:19:40
"488",488,39,13,88,94117,4,1.4,2,0,0,0,0,1,1,21.7604422895238,0,0,2020-02-15 23:22:33
"489",489,37,13,43,94122,3,2.8,1,0,0,0,0,1,0,16.837344779633,0,0,2020-02-15 23:25:26
"490",490,53,28,43,91380,2,2.1,3,0,0,0,1,1,1,12.3866141168401,0,0,2020-02-15 23:28:19
"491",491,34,10,90,94303,2,2.7,1,0,0,0,0,1,0,11.1688756244257,0,0,2020-02-15 23:31:12
"492",492,42,18,34,92115,4,0.3,1,104,0,1,0,1,0,20.9967113053426,0,0,2020-02-15 23:34:04
"493",493,60,36,38,94596,4,1.3,1,0,0,0,0,1,0,23.2826586300507,0,0,2020-02-15 23:36:57
"494",494,50,24,173,94720,1,1,1,0,0,0,0,1,1,2248.00800373778,4,0.279411764705882,2020-02-15 23:39:50
"495",495,41,17,160,92647,2,8,1,0,0,0,0,1,0,17.6650814758614,0,0,2020-02-15 23:42:43
"496",496,25,0,44,94545,4,0.6,2,0,0,0,0,1,1,24.8873531399295,0,0,2020-02-15 23:45:36
"497",497,50,24,83,94301,2,0.4,3,0,0,0,0,1,0,28.76648533158,0,0,2020-02-15 23:48:28
"498",498,48,22,94,90623,4,2.6,3,0,0,0,0,1,0,15.1727505680174,0,0,2020-02-15 23:51:21
"499",499,32,8,43,95023,1,2.1,3,0,0,0,0,0,1,13.7697269907221,0,0,2020-02-15 23:54:14
"500",500,50,25,42,93108,3,1.7,2,0,0,0,0,1,0,23.3746402151883,0,0,2020-02-15 23:57:07
"501",501,59,33,34,92177,2,0.3,1,0,0,0,0,0,0,27.2100731078535,0,0,2020-02-16 00:00:00
"502",502,50,26,39,90640,3,1.9,2,0,0,0,0,1,0,12.8218054911122,0,0,2020-02-16 00:02:52
"503",503,44,19,70,92833,1,0.1,2,0,0,0,0,0,0,11.2336076656356,0,0,2020-02-16 00:05:45
"504",504,31,5,39,94022,4,1.8,3,185,0,0,0,0,1,1345.35276261158,5,0.441176470588235,2020-02-16 00:08:38
"505",505,40,10,44,94720,3,2,3,0,0,0,0,1,0,24.3977006617934,0,0,2020-02-16 00:11:31
"506",506,36,12,69,94305,3,3.1,2,0,1,0,0,1,0,21.8723763991147,0,0,2020-02-16 00:14:24
"507",507,51,25,44,94608,3,0.9,3,0,0,0,0,0,0,23.2200872944668,0,0,2020-02-16 00:17:16
"508",508,64,40,32,91380,3,0.1,3,0,0,0,0,1,0,19.5819985773414,0,0,2020-02-16 00:20:09
"509",509,47,22,15,95521,2,0.7,3,0,0,0,0,0,0,29.9594785645604,0,0,2020-02-16 00:23:02
"510",510,52,28,118,90503,2,6.8,1,112,0,0,0,1,0,2524.98003088403,3,0.132352941176471,2020-02-16 00:25:55
"511",511,51,26,62,95136,1,1.3,2,221,0,0,0,1,0,11.7324694851413,0,0,2020-02-16 00:28:48
"512",512,31,5,82,94143,4,2.2,2,0,0,0,0,0,0,29.1931725200266,0,0,2020-02-16 00:31:40
"513",513,39,14,54,95035,3,3,1,108,0,0,0,0,1,27.099630124867,0,0,2020-02-16 00:34:33
"514",514,30,6,48,94607,1,2.1,3,0,0,0,0,0,0,25.3331981645897,0,0,2020-02-16 00:37:26
"515",515,27,1,74,91730,3,0.3,3,0,0,0,0,1,0,13.1131648691371,0,0,2020-02-16 00:40:19
"516",516,41,16,113,92780,1,1,3,211,0,0,0,0,1,10.7290595583618,0,0,2020-02-16 00:43:12
"517",517,53,27,81,90009,3,1.7,2,0,0,0,0,0,0,20.3114729933441,0,0,2020-02-16 00:46:04
"518",518,54,27,43,92834,3,1,2,169,0,0,0,0,0,1361.63276280276,5,0.441176470588235,2020-02-16 00:48:57
"519",519,28,4,34,92677,1,1.8,2,0,0,0,0,1,0,20.1804169919342,0,0,2020-02-16 00:51:50
"520",520,34,9,48,95616,1,2.5,3,105,0,0,0,1,0,24.3123215995729,0,0,2020-02-16 00:54:43
"521",521,61,37,54,90024,4,1.2,2,129,0,0,0,1,1,24.1402986831963,0,0,2020-02-16 00:57:36
"522",522,48,24,75,92518,4,1.4,2,0,0,0,0,1,0,19.5260899746791,0,0,2020-02-16 01:00:28
"523",523,36,11,72,91007,1,2.8,1,224,0,0,0,0,0,18.6031536944211,0,0,2020-02-16 01:03:21
"524",524,56,31,39,93023,4,0.9,1,0,0,0,0,0,0,13.4740243852139,0,0,2020-02-16 01:06:14
"525",525,24,-1,75,93014,4,0.2,1,0,0,0,0,1,0,17.8262856416404,0,0,2020-02-16 01:09:07
"526",526,64,38,79,94024,2,2.8,1,179,0,0,0,0,0,12.0169825758785,0,0,2020-02-16 01:12:00
"527",527,26,2,205,93106,1,6.33,1,271,0,0,0,0,1,28.2868475886062,0,0,2020-02-16 01:14:52
"528",528,33,8,65,90027,2,0.1,1,89,0,0,0,1,0,28.9737308816984,0,0,2020-02-16 01:17:45
"529",529,64,39,122,90089,4,0.2,1,378,1,0,0,1,0,21.7904047248885,0,0,2020-02-16 01:20:38
"530",530,39,15,82,95207,1,0.8,2,0,0,0,0,1,0,26.5650373743847,0,0,2020-02-16 01:23:31
"531",531,54,30,21,91706,2,0.2,1,0,0,0,0,0,1,10.987916928716,0,0,2020-02-16 01:26:24
"532",532,32,6,50,90401,4,2.1,3,0,0,1,1,1,1,19.3915405264124,0,0,2020-02-16 01:29:16
"533",533,62,37,39,94305,2,2.8,1,113,0,0,1,1,1,17.3190450901166,0,0,2020-02-16 01:32:09
"534",534,27,2,101,92807,1,1.9,1,0,0,0,0,0,0,14.9572649039328,0,0,2020-02-16 01:35:02
"535",535,53,28,41,93117,2,0.6,3,0,0,1,0,0,0,24.079770501703,0,0,2020-02-16 01:37:55
"536",536,51,25,132,94143,1,0.3,1,0,0,0,0,1,0,20.2287831157446,0,0,2020-02-16 01:40:48
"537",537,25,-1,43,92173,3,2.4,2,176,0,0,0,1,0,1340.81332325004,5,0.441176470588235,2020-02-16 01:43:40
"538",538,44,20,131,90717,1,4.9,3,0,1,0,0,1,0,26.6868241783231,0,0,2020-02-16 01:46:33
"539",539,31,5,11,94534,1,0.4,2,76,0,0,0,0,1,21.5195821598172,0,0,2020-02-16 01:49:26
"540",540,57,32,21,94720,1,0.3,3,117,0,0,0,0,0,16.0135660367087,0,0,2020-02-16 01:52:19
"541",541,25,-1,109,94010,4,2.3,3,314,0,0,0,1,0,24.7192969964817,0,0,2020-02-16 01:55:12
"542",542,30,6,141,95014,2,4.33,1,0,0,0,0,0,0,21.6937630763277,0,0,2020-02-16 01:58:04
"543",543,40,14,81,94709,3,0.1,1,0,0,0,0,1,0,28.3813260076568,0,0,2020-02-16 02:00:57
"544",544,63,38,54,94704,3,2.4,1,90,0,0,0,0,1,28.8112626597285,0,0,2020-02-16 02:03:50
"545",545,35,10,164,91614,2,7.8,1,0,0,0,0,1,0,24.7344939690083,0,0,2020-02-16 02:06:43
"546",546,43,19,28,94303,4,0.3,1,87,0,0,0,0,0,26.0656375298277,0,0,2020-02-16 02:09:36
"547",547,27,2,68,94025,3,2.6,3,203,0,1,0,0,0,24.9973460566252,0,0,2020-02-16 02:12:28
"548",548,44,14,44,94132,3,2,3,180,0,1,1,1,1,1366.8265952263,5,0.441176470588235,2020-02-16 02:15:21
"549",549,49,23,61,94117,1,1.4,3,0,0,0,0,1,1,10.142774307169,0,0,2020-02-16 02:18:14
"550",550,61,36,35,94110,3,1.3,2,0,0,0,0,0,1,28.0026057874784,0,0,2020-02-16 02:21:07
"551",551,60,34,54,94301,3,0.3,2,0,0,0,0,1,1,15.9226351836696,0,0,2020-02-16 02:24:00
"552",552,59,34,14,93118,1,0.1,1,0,0,0,0,1,1,16.1991578200832,0,0,2020-02-16 02:26:52
"553",553,28,3,52,90024,4,2.2,1,230,0,0,0,1,0,22.9699914949015,0,0,2020-02-16 02:29:45
"554",554,52,28,101,91330,2,0.3,1,0,0,0,0,0,0,29.4057333888486,0,0,2020-02-16 02:32:38
"555",555,28,2,149,94720,2,7.2,1,0,0,0,0,1,0,2338.97444824688,4,0.279411764705882,2020-02-16 02:35:31
"556",556,34,8,35,92037,4,0.8,1,137,0,0,1,1,1,19.9424372240901,0,0,2020-02-16 02:38:24
"557",557,60,34,21,93105,3,0.3,3,129,0,0,0,1,0,28.4017487056553,0,0,2020-02-16 02:41:16
"558",558,39,15,118,95039,2,1.9,1,0,0,0,0,0,1,25.0182442739606,0,0,2020-02-16 02:44:09
"559",559,30,5,38,95064,4,2,2,0,0,1,0,0,0,28.8124311342835,0,0,2020-02-16 02:47:02
"560",560,49,25,24,95818,4,0.2,1,138,0,0,0,1,0,15.2134739467874,0,0,2020-02-16 02:49:55
"561",561,43,18,59,93943,1,3.7,3,0,0,0,0,1,0,21.6690369741991,0,0,2020-02-16 02:52:48
"562",562,63,33,41,94234,4,1.67,3,0,0,0,0,1,0,24.9049911554903,0,0,2020-02-16 02:55:40
"563",563,28,3,85,94035,1,0.8,2,0,0,0,0,1,1,18.1865432858467,0,0,2020-02-16 02:58:33
"564",564,51,27,12,94608,4,1,1,0,0,0,0,1,0,15.7765039429069,0,0,2020-02-16 03:01:26
"565",565,33,7,32,94904,1,0.6,3,152,0,0,0,0,0,1386.54166422784,5,0.441176470588235,2020-02-16 03:04:19
"566",566,55,29,79,90210,3,0.8,1,0,0,0,0,1,0,15.6535582896322,0,0,2020-02-16 03:07:12
"567",567,53,28,175,95060,3,3.6,3,0,1,0,1,1,1,14.9531354987994,0,0,2020-02-16 03:10:04
"568",568,34,8,28,95112,3,0.9,1,0,0,0,0,0,0,25.6413888977841,0,0,2020-02-16 03:12:57
"569",569,34,9,41,92101,2,0.1,1,161,0,0,0,1,1,1352.20223576762,5,0.441176470588235,2020-02-16 03:15:50
"570",570,40,14,70,95136,3,2.1,1,185,0,0,0,0,0,11.9749642303213,0,0,2020-02-16 03:18:43
"571",571,49,25,161,94928,3,6.5,2,485,1,1,1,0,0,1684.93557679467,2,0.0785294117647059,2020-02-16 03:21:36
"572",572,35,9,53,94143,4,2.2,2,0,0,0,0,1,0,14.6724068047479,0,0,2020-02-16 03:24:28
"573",573,39,15,128,92333,1,3.4,1,0,0,0,0,0,0,22.2219242015854,0,0,2020-02-16 03:27:21
"574",574,55,28,50,95020,3,1,2,0,0,0,0,1,1,27.6627325173467,0,0,2020-02-16 03:30:14
"575",575,29,5,80,94709,2,2,2,0,0,0,0,1,1,28.3925350848585,0,0,2020-02-16 03:33:07
"576",576,54,30,93,91107,1,2.7,2,0,0,0,0,1,0,1847.89703395683,1,0.0735294117647059,2020-02-16 03:36:00
"577",577,25,-1,48,92870,3,0.3,3,0,0,0,0,0,1,17.594597209245,0,0,2020-02-16 03:38:52
"578",578,52,28,149,94043,2,6.8,1,0,0,0,0,1,0,28.9725470822304,0,0,2020-02-16 03:41:45
"579",579,46,19,49,92124,3,2.5,2,0,0,0,0,1,1,25.9686239715666,0,0,2020-02-16 03:44:38
"580",580,57,33,88,93524,1,2.7,2,0,0,0,0,1,0,11.7527259606868,0,0,2020-02-16 03:47:31
"581",581,52,22,22,90049,4,0.4,3,0,0,0,0,1,1,13.6581030255184,0,0,2020-02-16 03:50:24
"582",582,28,3,55,94521,4,2.2,1,0,0,0,0,1,1,18.6603594757617,0,0,2020-02-16 03:53:16
"583",583,44,18,72,95678,1,0.7,3,155,0,0,0,0,0,19.2643729271367,0,0,2020-02-16 03:56:09
"584",584,24,-1,38,95045,2,1.7,2,0,0,0,0,1,0,17.2375461738557,0,0,2020-02-16 03:59:02
"585",585,40,16,114,91604,1,3.4,1,300,0,0,0,1,0,15.859910203144,0,0,2020-02-16 04:01:55
"586",586,34,4,83,92653,4,4,3,0,0,0,0,1,0,21.4251958439127,0,0,2020-02-16 04:04:48
"587",587,39,14,101,94305,2,0.4,1,0,0,0,0,1,1,22.7356465021148,0,0,2020-02-16 04:07:40
"588",588,50,24,94,93305,1,4.9,1,272,0,0,0,1,0,15.7206380506977,0,0,2020-02-16 04:10:33
"589",589,41,17,40,93117,2,2.5,1,0,0,0,1,1,1,13.6360207898542,0,0,2020-02-16 04:13:26
"590",590,31,7,128,92821,1,6,1,0,0,0,0,0,0,14.0602764906362,0,0,2020-02-16 04:16:19
"591",591,29,3,39,94612,4,2.1,3,0,0,0,0,1,0,13.3536950638518,0,0,2020-02-16 04:19:12
"592",592,30,5,51,92037,1,1,1,0,0,0,0,1,0,27.6587977027521,0,0,2020-02-16 04:22:04
"593",593,44,20,79,95051,4,2,3,0,0,1,1,1,1,13.5915921535343,0,0,2020-02-16 04:24:57
"594",594,33,7,48,90025,4,2.2,2,0,0,0,0,1,0,16.7959388764575,0,0,2020-02-16 04:27:50
"595",595,50,26,85,94143,1,0,1,144,0,0,0,0,0,20.4271322395653,0,0,2020-02-16 04:30:43
"596",596,42,18,41,92121,1,1.8,1,94,0,0,0,1,0,26.9499256042764,0,0,2020-02-16 04:33:36
"597",597,48,22,152,94022,1,3.5,3,0,1,0,0,1,0,11.3268308434635,0,0,2020-02-16 04:36:28
"598",598,24,-2,125,92835,2,7.2,1,0,0,1,0,0,1,24.8919189628214,0,0,2020-02-16 04:39:21
"599",599,56,31,11,92374,2,0.2,3,90,0,0,0,0,0,11.4471169793978,0,0,2020-02-16 04:42:14
"600",600,28,4,103,94720,2,2.5,1,0,0,0,0,1,1,2391.99550128542,4,0.279411764705882,2020-02-16 04:45:07
"601",601,56,30,141,94143,2,0.5,1,0,0,0,0,1,0,23.093336946331,0,0,2020-02-16 04:48:00
"602",602,58,32,38,91320,1,1.4,1,0,0,0,0,1,1,11.7833902686834,0,0,2020-02-16 04:50:52
"603",603,29,5,135,95035,2,0.6,1,0,0,0,0,0,0,26.4245751826093,0,0,2020-02-16 04:53:45
"604",604,63,38,28,94720,2,0.5,2,89,0,0,0,1,0,16.5252021467313,0,0,2020-02-16 04:56:38
"605",605,28,3,70,90245,4,2.2,1,240,0,0,0,0,1,19.003086257726,0,0,2020-02-16 04:59:31
"606",606,57,31,41,91330,1,0.2,1,0,0,0,0,1,1,18.7244209740311,0,0,2020-02-16 05:02:24
"607",607,34,8,81,91741,3,0.9,2,208,0,0,0,1,0,23.9243336673826,0,0,2020-02-16 05:05:16
"608",608,28,3,170,95014,1,0.1,3,0,1,0,0,0,0,12.6141764596105,0,0,2020-02-16 05:08:09
"609",609,27,2,55,91910,4,1.7,2,0,0,0,0,1,0,21.9836082542315,0,0,2020-02-16 05:11:02
"610",610,37,11,24,91770,4,1.5,3,0,0,0,0,0,0,13.508097557351,0,0,2020-02-16 05:13:55
"611",611,52,28,81,94132,3,1.8,2,275,0,0,0,0,0,15.4534499114379,0,0,2020-02-16 05:16:48
"612",612,49,23,32,94701,4,1.8,1,83,0,0,0,0,0,14.6555134886876,0,0,2020-02-16 05:19:40
"613",613,65,40,129,90095,1,1.3,1,0,0,0,0,1,1,19.2561343871057,0,0,2020-02-16 05:22:33
"614",614,60,35,108,94904,1,0.9,1,0,0,1,0,0,0,14.5127301802859,0,0,2020-02-16 05:25:26
"615",615,37,12,180,90034,1,8.6,1,0,0,0,0,1,1,23.325574491173,0,0,2020-02-16 05:28:19
"616",616,63,37,139,93943,2,6.9,1,0,0,0,0,0,0,18.1833752384409,0,0,2020-02-16 05:31:12
"617",617,40,14,33,94025,2,1.4,3,0,0,0,0,1,1,12.5145251210779,0,0,2020-02-16 05:34:04
"618",618,46,20,74,94024,4,2.6,3,0,0,0,0,1,0,20.370890009217,0,0,2020-02-16 05:36:57
"619",619,63,37,42,91320,2,0.7,3,115,0,0,0,1,0,15.6705690873787,0,0,2020-02-16 05:39:50
"620",620,57,27,73,93106,1,3,3,0,0,0,0,0,0,23.9895727252588,0,0,2020-02-16 05:42:43
"621",621,33,8,115,91129,4,2.9,2,0,1,0,0,1,0,25.0407842639834,0,0,2020-02-16 05:45:36
"622",622,41,17,114,91125,2,1.8,2,0,0,0,0,1,0,16.2154449196532,0,0,2020-02-16 05:48:28
"623",623,41,17,92,93555,2,1.9,1,131,0,0,0,1,0,26.8993805255741,0,0,2020-02-16 05:51:21
"624",624,44,19,34,95616,1,0.3,3,78,0,0,0,1,0,24.9160992819816,0,0,2020-02-16 05:54:14
"625",625,33,6,54,92821,2,1.67,2,122,0,0,0,1,0,12.6101829530671,0,0,2020-02-16 05:57:07
"626",626,52,28,64,95605,2,1,3,211,0,0,0,1,0,24.5769411651418,0,0,2020-02-16 06:00:00
"627",627,30,6,42,94305,1,0.2,3,100,0,0,0,0,1,15.7729688612744,0,0,2020-02-16 06:02:52
"628",628,45,19,70,92677,3,2.1,1,0,0,0,0,1,0,16.3381024776027,0,0,2020-02-16 06:05:45
"629",629,49,24,51,90071,1,1.3,2,0,0,0,0,0,0,26.2986058974639,0,0,2020-02-16 06:08:38
"630",630,45,19,71,91711,4,2.9,1,218,0,0,1,1,1,25.640433896333,0,0,2020-02-16 06:11:31
"631",631,32,7,35,96651,3,1.3,1,108,0,0,0,0,1,18.346782498993,0,0,2020-02-16 06:14:24
"632",632,45,18,40,94960,3,1,2,0,0,0,0,1,0,17.1835311828181,0,0,2020-02-16 06:17:16
"633",633,57,32,165,94720,4,2.7,3,0,1,0,0,1,0,16.2004786357284,0,0,2020-02-16 06:20:09
"634",634,61,31,18,94583,1,1.5,3,0,0,0,0,1,1,13.2111925398931,0,0,2020-02-16 06:23:02
"635",635,57,31,32,90034,3,1.4,1,0,0,1,1,1,1,13.1261040084064,0,0,2020-02-16 06:25:55
"636",636,60,35,35,90509,3,0.2,1,169,0,0,0,1,0,1422.37544399686,5,0.441176470588235,2020-02-16 06:28:48
"637",637,40,16,120,92037,2,6.1,1,196,0,0,0,1,0,2431.90760619473,3,0.132352941176471,2020-02-16 06:31:40
"638",638,53,28,31,90245,4,0.1,3,0,0,0,0,1,0,26.3691952219233,0,0,2020-02-16 06:34:33
"639",639,42,16,35,92054,3,1.5,1,0,0,0,0,0,0,18.7574047548696,0,0,2020-02-16 06:37:26
"640",640,62,36,32,92646,2,0.2,3,0,0,0,0,1,1,13.3806724054739,0,0,2020-02-16 06:40:19
"641",641,43,18,85,94960,1,3.7,3,327,0,1,0,1,0,18.6905505042523,0,0,2020-02-16 06:43:12
"642",642,35,10,139,95060,2,7.8,1,0,0,0,0,0,0,27.058640383184,0,0,2020-02-16 06:46:04
"643",643,50,24,103,94132,1,0.3,1,0,0,0,0,1,0,12.6824542600662,0,0,2020-02-16 06:48:57
"644",644,45,21,152,91902,2,1.4,1,0,0,0,0,1,0,20.3945469250903,0,0,2020-02-16 06:51:50
"645",645,52,27,33,92121,2,2,2,0,0,0,0,1,0,16.9627493945882,0,0,2020-02-16 06:54:43
"646",646,35,9,84,95120,4,2.2,2,322,0,0,0,0,0,27.2225307440385,0,0,2020-02-16 06:57:36
"647",647,58,33,61,90033,4,1.7,1,0,0,0,0,0,0,16.9607048807666,0,0,2020-02-16 07:00:28
"648",648,62,38,64,95064,4,2.2,1,123,0,1,1,1,1,28.6502963351086,0,0,2020-02-16 07:03:21
"649",649,50,25,34,95621,1,1.3,2,0,0,0,0,1,0,18.3005017554387,0,0,2020-02-16 07:06:14
"650",650,25,-1,82,92677,4,2.1,3,0,0,0,0,1,0,18.3006031066179,0,0,2020-02-16 07:09:07
"651",651,47,22,122,90037,1,5.1,3,163,1,1,0,0,0,16.8426995212212,0,0,2020-02-16 07:12:00
"652",652,28,4,58,92121,3,1.5,1,131,0,0,0,0,0,27.8510936163366,0,0,2020-02-16 07:14:52
"653",653,34,9,92,90005,1,2.8,1,0,0,0,0,1,0,29.4184190547094,0,0,2020-02-16 07:17:45
"654",654,49,23,78,92691,2,2.4,2,205,0,0,0,0,1,19.1035538073629,0,0,2020-02-16 07:20:38
"655",655,54,29,129,93940,4,4.2,3,0,1,0,0,0,0,29.5183078479022,0,0,2020-02-16 07:23:31
"656",656,50,25,13,91109,2,0.7,3,0,0,0,0,0,0,10.8570197504014,0,0,2020-02-16 07:26:24
"657",657,37,11,81,94539,1,2.8,3,145,0,0,0,0,0,28.8099320838228,0,0,2020-02-16 07:29:16
"658",658,38,8,23,95207,1,0.67,3,0,0,0,0,0,0,24.6377976704389,0,0,2020-02-16 07:32:09
"659",659,52,26,35,91711,3,0.9,3,0,0,0,0,0,0,29.2802449781448,0,0,2020-02-16 07:35:02
"660",660,63,39,79,93009,4,1.7,2,0,0,0,0,1,1,20.4990250477567,0,0,2020-02-16 07:37:55
"661",661,39,14,165,92126,2,3.3,1,0,0,0,0,1,0,16.8728565610945,0,0,2020-02-16 07:40:48
"662",662,63,38,52,94720,2,2.8,1,0,0,0,0,1,0,2329.19642804191,4,0.279411764705882,2020-02-16 07:43:40
"663",663,65,41,185,93561,3,2,2,0,1,0,0,0,0,13.0929567432031,0,0,2020-02-16 07:46:33
"664",664,46,20,49,90503,3,2.2,2,0,0,0,0,0,0,26.7703291634098,0,0,2020-02-16 07:49:26
"665",665,54,30,64,95126,1,1.8,3,227,0,0,0,0,1,25.2059234213084,0,0,2020-02-16 07:52:19
"666",666,54,24,61,92866,4,2,3,0,0,1,0,1,0,20.6622269423679,0,0,2020-02-16 07:55:12
"667",667,52,26,112,92120,1,2.4,1,0,0,1,1,1,1,24.244491844438,0,0,2020-02-16 07:58:04
"668",668,63,39,72,93106,3,2,3,190,0,1,0,1,0,10.4420735407621,0,0,2020-02-16 08:00:57
"669",669,66,41,18,94010,3,0.5,1,0,0,0,0,0,0,27.4382485728711,0,0,2020-02-16 08:03:50
"670",670,56,29,41,94109,4,2.5,2,0,0,0,0,0,0,10.8665488148108,0,0,2020-02-16 08:06:43
"671",671,23,-1,61,92374,4,2.6,1,239,0,0,0,1,0,11.2983865523711,0,0,2020-02-16 08:09:36
"672",672,65,41,105,92612,1,3,2,282,1,1,1,1,0,21.2184663675725,0,0,2020-02-16 08:12:28
"673",673,51,27,23,96651,1,0.2,1,0,0,0,0,1,0,15.7144377520308,0,0,2020-02-16 08:15:21
"674",674,34,10,22,95670,1,0.5,3,85,0,0,0,0,0,13.6544730234891,0,0,2020-02-16 08:18:14
"675",675,49,23,59,95827,3,2.1,1,0,0,0,0,0,0,27.5702569866553,0,0,2020-02-16 08:21:07
"676",676,29,2,33,91711,1,2,2,160,0,0,0,0,0,1402.07838607021,5,0.441176470588235,2020-02-16 08:24:00
"677",677,47,23,11,94063,1,0.9,3,103,0,0,0,0,1,17.414113744162,0,0,2020-02-16 08:26:52
"678",678,46,21,204,92780,2,2.8,1,0,0,0,0,1,0,23.129902491346,0,0,2020-02-16 08:29:45
"679",679,52,27,61,92101,4,1.8,3,207,0,0,0,0,0,29.6526040090248,0,0,2020-02-16 08:32:38
"680",680,55,31,103,92093,3,1.8,2,364,0,0,0,0,0,27.6478192163631,0,0,2020-02-16 08:35:31
"681",681,61,36,51,94706,3,1.5,1,0,0,0,0,0,1,11.430691042915,0,0,2020-02-16 08:38:24
"682",682,34,9,164,94720,1,6,3,0,1,0,0,1,0,14.7374549414963,0,0,2020-02-16 08:41:16
"683",683,58,34,12,90504,1,0.1,2,0,0,0,0,0,1,12.2100788727403,0,0,2020-02-16 08:44:09
"684",684,40,16,82,91311,1,3.6,2,0,0,0,0,0,0,18.9454394392669,0,0,2020-02-16 08:47:02
"685",685,43,17,164,90266,1,2.4,1,449,0,0,0,1,0,28.2383408211172,0,0,2020-02-16 08:49:55
"686",686,35,8,48,93107,2,1.67,2,0,0,0,0,1,0,26.0088447853923,0,0,2020-02-16 08:52:48
"687",687,24,-1,38,92612,4,0.6,2,0,0,0,0,1,0,26.7272392334417,0,0,2020-02-16 08:55:40
"688",688,48,22,65,92120,2,1.5,2,0,0,0,0,1,0,16.4589280076325,0,0,2020-02-16 08:58:33
"689",689,44,20,71,94304,4,1.9,1,207,0,0,0,1,0,10.0951544893906,0,0,2020-02-16 09:01:26
"690",690,54,30,18,94591,1,0.3,1,0,0,1,1,1,0,20.0129167782143,0,0,2020-02-16 09:04:19
"691",691,59,34,52,94115,2,1.6,3,75,0,0,0,1,0,22.0747581264004,0,0,2020-02-16 09:07:12
"692",692,45,18,48,90025,3,2.5,2,113,0,0,0,1,1,26.3131449418142,0,0,2020-02-16 09:10:04
"693",693,26,2,30,94720,1,1,3,111,0,0,0,0,0,15.6756663462147,0,0,2020-02-16 09:12:57
"694",694,40,15,40,92096,2,2.2,3,107,0,0,0,1,0,18.1072353385389,0,0,2020-02-16 09:15:50
"695",695,32,7,112,90740,1,3.8,1,81,0,0,0,1,0,26.8163732718676,0,0,2020-02-16 09:18:43
"696",696,29,4,115,92717,1,1.9,1,0,0,0,0,0,0,15.9313702490181,0,0,2020-02-16 09:21:36
"697",697,51,27,63,92251,2,1,3,82,0,0,0,1,0,16.3728637108579,0,0,2020-02-16 09:24:28
"698",698,42,17,85,92648,1,3.7,3,0,0,0,0,1,0,25.2724454645067,0,0,2020-02-16 09:27:21
"699",699,64,38,59,92028,1,2.5,3,220,0,0,0,0,0,24.6291158720851,0,0,2020-02-16 09:30:14
"700",700,44,20,68,95060,1,0.8,3,91,0,0,0,0,0,14.0709690842777,0,0,2020-02-16 09:33:07
"701",701,37,11,84,90089,2,1.8,1,0,0,0,0,1,1,13.9763936772943,0,0,2020-02-16 09:36:00
"702",702,44,19,62,93106,3,0.8,3,0,0,0,0,0,1,12.5247476389632,0,0,2020-02-16 09:38:52
"703",703,35,9,109,92709,3,4,1,0,1,0,0,0,0,27.8449726710096,0,0,2020-02-16 09:41:45
"704",704,41,17,141,94022,2,7.6,1,92,0,0,0,0,0,13.2945890771225,0,0,2020-02-16 09:44:38
"705",705,56,32,129,94065,1,7.4,1,0,0,0,0,0,0,29.574752128683,0,0,2020-02-16 09:47:31
"706",706,62,36,30,94720,3,0.7,2,0,0,0,0,1,0,12.1252646995708,0,0,2020-02-16 09:50:24
"707",707,58,34,148,95819,1,4.7,1,0,0,0,0,1,0,16.7988576274365,0,0,2020-02-16 09:53:16
"708",708,47,20,25,95064,3,0.67,2,0,0,0,0,1,1,10.2465761359781,0,0,2020-02-16 09:56:09
"709",709,35,10,21,92182,3,1.3,1,115,0,0,0,0,0,10.3655086643994,0,0,2020-02-16 09:59:02
"710",710,29,4,72,95841,4,2.2,1,0,0,0,0,1,0,25.2496924297884,0,0,2020-02-16 10:01:55
"711",711,43,17,59,94085,3,0.9,3,87,0,0,0,1,1,20.7194061437622,0,0,2020-02-16 10:04:48
"712",712,62,37,83,91754,3,1.8,2,187,0,1,0,0,0,17.7768582804129,0,0,2020-02-16 10:07:40
"713",713,41,16,10,94123,2,0.3,2,0,0,0,0,1,0,14.0640585217625,0,0,2020-02-16 10:10:33
"714",714,34,9,84,92009,3,0.6,2,0,0,0,0,1,0,26.1181069444865,0,0,2020-02-16 10:13:26
"715",715,50,23,98,92068,3,2,2,0,0,0,0,0,0,28.3277642400935,0,0,2020-02-16 10:16:19
"716",716,47,23,32,92130,1,1,1,0,0,1,1,1,1,25.690205283463,0,0,2020-02-16 10:19:12
"717",717,29,5,31,96064,4,0.4,2,161,0,0,0,1,1,1447.80127154663,5,0.441176470588235,2020-02-16 10:22:04
"718",718,59,34,94,93940,3,0.5,1,0,0,0,0,0,1,17.084106146358,0,0,2020-02-16 10:24:57
"719",719,56,31,21,90024,2,0.2,3,137,0,0,1,1,1,29.8786592995748,0,0,2020-02-16 10:27:50
"720",720,61,35,110,92521,3,4.4,1,0,0,1,0,1,0,17.8880394855514,0,0,2020-02-16 10:30:43
"721",721,58,32,38,94025,1,2.2,3,0,0,0,0,0,0,19.4615502515808,0,0,2020-02-16 10:33:36
"722",722,49,24,39,92717,1,1.4,3,0,0,0,0,1,0,24.3191511835903,0,0,2020-02-16 10:36:28
"723",723,45,21,132,91103,3,1.2,2,0,1,0,1,1,1,22.0721997693181,0,0,2020-02-16 10:39:21
"724",724,50,24,61,94301,4,2.6,1,0,0,0,0,1,0,15.4020994110033,0,0,2020-02-16 10:42:14
"725",725,64,38,92,94086,1,2,1,0,0,0,0,1,0,13.6672681383789,0,0,2020-02-16 10:45:07
"726",726,39,15,119,92037,2,6.1,1,0,0,0,0,0,0,26.8889433797449,0,0,2020-02-16 10:48:00
"727",727,58,33,53,91030,4,2.1,1,0,0,0,0,1,0,16.4344144053757,0,0,2020-02-16 10:50:52
"728",728,62,37,18,92037,3,1.3,2,0,0,0,0,1,0,14.7293358715251,0,0,2020-02-16 10:53:45
"729",729,45,20,114,94720,2,4.4,2,0,1,0,0,0,0,25.4150270251557,0,0,2020-02-16 10:56:38
"730",730,58,28,90,93106,1,3,3,0,0,0,0,0,1,22.3470573406667,0,0,2020-02-16 10:59:31
"731",731,43,18,140,95616,1,7,1,205,0,0,0,1,0,25.9284675819799,0,0,2020-02-16 11:02:24
"732",732,28,3,90,90066,2,3.3,1,0,0,0,0,1,1,26.1992755625397,0,0,2020-02-16 11:05:16
"733",733,26,1,85,90064,1,1.9,1,0,0,0,0,1,0,29.5580184366554,0,0,2020-02-16 11:08:09
"734",734,49,24,80,92009,1,1.2,1,0,0,0,0,1,0,24.9666245421395,0,0,2020-02-16 11:11:02
"735",735,66,42,53,92182,2,1.1,1,0,0,0,0,1,1,18.1925819534808,0,0,2020-02-16 11:13:55
"736",736,33,7,49,95403,4,2.2,2,0,0,0,0,1,0,17.7177029568702,0,0,2020-02-16 11:16:48
"737",737,61,35,152,91016,3,3.3,3,0,1,0,0,1,0,28.8155601080507,0,0,2020-02-16 11:19:40
"738",738,64,37,138,94709,2,2.8,2,0,1,0,0,1,0,28.9611596101895,0,0,2020-02-16 11:22:33
"739",739,36,10,80,94596,4,2.2,2,0,0,0,0,1,0,15.7638308033347,0,0,2020-02-16 11:25:26
"740",740,49,23,82,91902,2,2.4,2,0,0,0,0,0,0,20.6289549963549,0,0,2020-02-16 11:28:19
"741",741,52,27,195,90266,1,8.1,1,0,0,0,0,0,0,21.987514118664,0,0,2020-02-16 11:31:12
"742",742,61,37,22,94590,1,1.2,3,0,0,0,0,1,0,24.4354575825855,0,0,2020-02-16 11:34:04
"743",743,32,6,81,92626,1,2.5,1,0,0,0,0,1,0,14.8700565611944,0,0,2020-02-16 11:36:57
"744",744,61,37,40,94539,4,2.2,1,0,0,1,1,1,1,27.4888120871037,0,0,2020-02-16 11:39:50
"745",745,45,20,154,94720,2,2.8,1,0,0,1,0,1,0,2340.97243989818,4,0.279411764705882,2020-02-16 11:42:43
"746",746,30,4,49,93955,3,1.1,2,0,0,0,0,0,1,26.8721976550296,0,0,2020-02-16 11:45:36
"747",747,62,37,85,95051,4,3.4,2,0,0,0,0,1,0,27.9676017630845,0,0,2020-02-16 11:48:28
"748",748,57,32,21,94112,3,0.1,2,0,0,1,1,1,0,25.0287017505616,0,0,2020-02-16 11:51:21
"749",749,41,17,14,91330,1,1,1,0,0,0,0,0,0,12.301826630719,0,0,2020-02-16 11:54:14
"750",750,58,34,60,92008,4,1.6,2,0,0,0,0,0,1,18.8895106408745,0,0,2020-02-16 11:57:07
"751",751,29,5,138,93106,2,4.33,1,0,0,0,0,1,0,17.7539428230375,0,0,2020-02-16 12:00:00
"752",752,53,28,98,90210,1,1.3,3,355,0,0,0,1,0,26.2984249321744,0,0,2020-02-16 12:02:52
"753",753,64,39,22,90071,4,0.6,2,0,0,0,0,0,0,23.4059565654024,0,0,2020-02-16 12:05:45
"754",754,49,23,49,94720,1,1.2,2,0,0,0,0,1,1,25.9555888921022,0,0,2020-02-16 12:08:38
"755",755,38,14,102,95020,2,1.9,1,0,0,0,1,1,1,25.86900990922,0,0,2020-02-16 12:11:31
"756",756,56,30,45,91103,4,0.7,2,0,0,0,0,0,1,10.8870542980731,0,0,2020-02-16 12:14:24
"757",757,56,31,82,95348,4,1.3,3,0,0,0,0,1,0,10.988355432637,0,0,2020-02-16 12:17:16
"758",758,52,28,81,91745,3,1.8,2,0,0,1,0,0,0,12.3540547909215,0,0,2020-02-16 12:20:09
"759",759,64,39,35,90266,1,1.5,2,0,0,1,0,0,0,27.2834486886859,0,0,2020-02-16 12:23:02
"760",760,53,28,59,91950,2,1.9,2,0,0,0,0,1,0,14.0680653275922,0,0,2020-02-16 12:25:55
"761",761,29,3,52,92122,3,1.1,2,0,0,0,0,1,0,17.143248161301,0,0,2020-02-16 12:28:48
"762",762,48,24,84,92152,3,0.7,1,166,0,0,0,1,0,13.6925081256777,0,0,2020-02-16 12:31:40
"763",763,32,6,85,90504,1,2.7,2,100,0,0,0,1,0,15.3162825386971,0,0,2020-02-16 12:34:33
"764",764,54,28,65,94122,1,0.2,1,0,0,0,0,0,1,23.9406664203852,0,0,2020-02-16 12:37:26
"765",765,37,13,89,95051,2,1.7,2,314,0,0,0,0,1,12.1932064276189,0,0,2020-02-16 12:40:19
"766",766,47,21,109,95822,4,1.8,1,0,1,0,0,0,0,11.0500963404775,0,0,2020-02-16 12:43:12
"767",767,37,12,81,94538,1,2.8,1,0,0,0,0,0,0,16.5109397703782,0,0,2020-02-16 12:46:04
"768",768,64,39,38,92024,1,1.1,3,108,0,0,0,0,0,23.6263484507799,0,0,2020-02-16 12:48:57
"769",769,43,19,72,90024,2,1.7,1,0,0,0,0,1,0,28.7070835987106,0,0,2020-02-16 12:51:50
"770",770,33,6,78,90250,4,2,2,119,0,1,0,1,0,27.5242465408519,0,0,2020-02-16 12:54:43
"771",771,26,2,172,94551,2,6.9,2,0,1,0,0,1,0,28.4632389619946,0,0,2020-02-16 12:57:36
"772",772,42,18,71,91614,3,2.33,1,106,0,1,0,1,0,25.3062022617087,0,0,2020-02-16 13:00:28
"773",773,54,28,165,92093,1,4.1,3,0,1,0,1,1,1,11.6139814257622,0,0,2020-02-16 13:03:21
"774",774,41,16,120,92612,2,3.9,1,0,0,0,0,1,1,19.4266613246873,0,0,2020-02-16 13:06:14
"775",775,55,29,39,92154,1,0.2,1,0,0,0,0,0,1,17.8692660434172,0,0,2020-02-16 13:09:07
"776",776,65,39,23,92835,3,0.7,2,0,0,0,0,0,1,17.8661975031719,0,0,2020-02-16 13:12:00
"777",777,50,26,135,92121,2,4.6,3,91,1,0,0,1,0,14.0130888018757,0,0,2020-02-16 13:14:52
"778",778,55,31,12,95060,2,0.2,1,76,0,0,0,1,1,29.7460166038945,0,0,2020-02-16 13:17:45
"779",779,62,36,92,94801,2,0.7,2,0,0,0,0,1,0,24.7862607752904,0,0,2020-02-16 13:20:38
"780",780,53,28,192,94304,2,6.4,3,0,1,0,0,0,0,29.472534339875,0,0,2020-02-16 13:23:31
"781",781,32,7,42,92634,4,0.8,1,0,0,0,0,1,1,26.4901854144409,0,0,2020-02-16 13:26:24
"782",782,56,32,158,94588,3,3.7,3,0,1,0,0,1,0,17.415275471285,0,0,2020-02-16 13:29:16
"783",783,54,30,194,92056,3,6,3,587,1,1,1,1,1,20.5900679668412,0,0,2020-02-16 13:32:09
"784",784,44,20,160,94606,2,7.6,1,0,0,1,0,0,0,21.2105931807309,0,0,2020-02-16 13:35:02
"785",785,48,22,98,94115,2,6.3,1,0,0,0,0,0,0,27.4866465991363,0,0,2020-02-16 13:37:55
"786",786,46,22,164,94122,2,7.6,1,0,0,0,1,1,1,17.8383836150169,0,0,2020-02-16 13:40:48
"787",787,45,21,42,94305,2,2.5,1,0,0,1,0,1,0,14.6369589772075,0,0,2020-02-16 13:43:40
"788",788,45,15,202,91380,3,10,3,0,1,0,0,0,0,13.6248356569558,0,0,2020-02-16 13:46:33
"789",789,58,34,10,92521,4,0.7,1,0,0,0,0,0,0,13.696723729372,0,0,2020-02-16 13:49:26
"790",790,29,3,31,92126,4,0.3,2,0,0,0,0,1,0,26.4697605231777,0,0,2020-02-16 13:52:19
"791",791,55,30,58,92028,4,0.9,1,0,0,0,0,1,1,18.7156280875206,0,0,2020-02-16 13:55:12
"792",792,55,29,65,94501,4,2.8,2,0,0,0,0,1,0,17.1290168724954,0,0,2020-02-16 13:58:04
"793",793,41,16,98,93117,1,4,3,0,0,0,0,0,1,16.5639573242515,0,0,2020-02-16 14:00:57
"794",794,24,-2,150,94720,2,2,1,0,0,0,0,1,0,2266.50755139999,4,0.279411764705882,2020-02-16 14:03:50
"795",795,54,29,44,91301,2,2.3,3,0,0,0,0,1,0,19.2593293916434,0,0,2020-02-16 14:06:43
"796",796,57,32,15,92806,2,0.2,3,0,0,0,0,0,1,20.9566378779709,0,0,2020-02-16 14:09:36
"797",797,30,6,82,93657,2,2.5,1,0,0,0,0,0,0,29.0650799730793,0,0,2020-02-16 14:12:28
"798",798,42,17,61,94998,3,0.5,3,0,0,0,0,1,0,24.2412473307922,0,0,2020-02-16 14:15:21
"799",799,29,2,38,93063,1,2,2,0,0,0,0,0,0,29.6273961802945,0,0,2020-02-16 14:18:14
"800",800,29,3,39,95051,4,2.1,3,0,0,0,0,1,0,17.0940163685009,0,0,2020-02-16 14:21:07
"801",801,31,7,173,91040,1,6,1,0,0,0,0,1,0,21.3989685988054,0,0,2020-02-16 14:24:00
"802",802,47,23,8,92612,4,0.2,1,0,0,0,0,1,0,27.4374847998843,0,0,2020-02-16 14:26:52
"803",803,36,12,51,92521,3,2,1,214,0,0,0,1,0,21.6000612359494,0,0,2020-02-16 14:29:45
"804",804,52,27,62,92661,4,1.8,3,82,0,0,0,0,0,11.1287161149085,0,0,2020-02-16 14:32:38
"805",805,54,28,34,94061,4,0.7,2,0,0,0,0,1,0,26.2720273435116,0,0,2020-02-16 14:35:31
"806",806,55,29,132,95758,3,5.9,2,307,1,0,0,0,0,1693.11480596662,2,0.0785294117647059,2020-02-16 14:38:24
"807",807,53,27,44,94542,4,1.5,3,0,0,0,0,0,0,15.6383501458913,0,0,2020-02-16 14:41:16
"808",808,52,27,162,92096,1,8.1,1,0,0,0,0,1,0,11.8691264186054,0,0,2020-02-16 14:44:09
"809",809,64,39,64,92068,3,2.2,1,0,0,0,0,1,0,23.4239827701822,0,0,2020-02-16 14:47:02
"810",810,54,29,111,94304,1,0.1,3,0,0,0,0,0,1,16.6402150690556,0,0,2020-02-16 14:49:55
"811",811,32,6,41,92182,2,2,3,0,0,0,0,0,0,29.7220388194546,0,0,2020-02-16 14:52:48
"812",812,63,33,52,94720,4,1.67,3,0,0,0,0,0,0,10.8895607572049,0,0,2020-02-16 14:55:40
"813",813,36,10,65,90089,4,2.2,2,0,0,0,0,0,0,27.3373872740194,0,0,2020-02-16 14:58:33
"814",814,50,25,130,94720,1,1.1,2,0,1,0,0,1,0,23.6729528009892,0,0,2020-02-16 15:01:26
"815",815,33,8,45,93943,2,0.1,1,0,0,0,0,0,1,24.6094839693978,0,0,2020-02-16 15:04:19
"816",816,62,38,35,94596,1,1.9,2,118,0,0,0,0,0,25.5136096663773,0,0,2020-02-16 15:07:12
"817",817,49,23,65,94035,3,0.7,2,263,0,0,0,1,1,18.0729446606711,0,0,2020-02-16 15:10:04
"818",818,41,15,38,90291,2,0.7,1,91,0,0,0,1,0,22.2293141437694,0,0,2020-02-16 15:12:57
"819",819,51,27,42,95039,4,1.1,2,0,0,0,0,1,1,17.2290028445423,0,0,2020-02-16 15:15:50
"820",820,56,30,45,90024,4,1.5,3,0,0,0,0,0,0,29.7875859541818,0,0,2020-02-16 15:18:43
"821",821,51,25,145,90740,1,0.3,1,0,0,0,0,1,0,24.6124434564263,0,0,2020-02-16 15:21:36
"822",822,39,13,33,92093,4,1.5,3,0,0,0,0,0,0,24.7795544192195,0,0,2020-02-16 15:24:28
"823",823,61,35,60,96091,3,1.4,3,0,0,0,0,0,0,21.9211361045018,0,0,2020-02-16 15:27:21
"824",824,35,9,45,90509,1,2,1,0,0,0,0,1,1,28.2051491504535,0,0,2020-02-16 15:30:14
"825",825,39,15,72,94801,4,2.4,1,0,0,1,0,1,0,29.9921682989225,0,0,2020-02-16 15:33:07
"826",826,37,11,34,95616,3,0.2,2,0,0,0,0,0,0,27.029233276844,0,0,2020-02-16 15:36:00
"827",827,48,21,23,93555,3,0.67,2,0,0,0,0,1,0,27.2486491920426,0,0,2020-02-16 15:38:52
"828",828,63,37,45,94542,2,1,3,88,0,0,0,1,1,25.9322354523465,0,0,2020-02-16 15:41:45
"829",829,35,9,28,94542,4,1,1,75,0,0,0,1,0,12.1663480903953,0,0,2020-02-16 15:44:38
"830",830,55,30,81,90254,4,3.8,2,0,0,0,0,1,0,11.1847601737827,0,0,2020-02-16 15:47:31
"831",831,29,5,72,92407,3,0.7,2,81,0,0,0,0,0,14.9855872057378,0,0,2020-02-16 15:50:24
"832",832,61,31,49,94066,4,1.67,3,0,0,0,0,1,0,20.045993453823,0,0,2020-02-16 15:53:16
"833",833,36,10,31,90630,4,1.2,2,0,0,0,0,0,0,14.767833747901,0,0,2020-02-16 15:56:09
"834",834,61,35,63,94939,3,2.2,3,0,0,0,0,0,0,19.3248189333826,0,0,2020-02-16 15:59:02
"835",835,36,12,150,95138,4,5.4,1,0,1,1,1,1,0,23.2397629274055,0,0,2020-02-16 16:01:55
"836",836,58,33,142,92691,2,3.9,1,193,0,0,0,1,1,10.1977894315496,0,0,2020-02-16 16:04:48
"837",837,42,17,74,92123,3,3,1,0,0,0,0,0,1,21.3175400625914,0,0,2020-02-16 16:07:40
"838",838,30,4,24,92096,1,0.4,2,81,0,0,0,1,0,24.2917927028611,0,0,2020-02-16 16:10:33
"839",839,45,20,29,92507,4,1.9,3,0,0,0,0,0,0,23.9543584967032,0,0,2020-02-16 16:13:26
"840",840,39,15,79,92646,4,2.4,1,0,0,0,0,0,0,12.0639177691191,0,0,2020-02-16 16:16:19
"841",841,27,3,94,92373,2,0.2,1,310,0,0,0,0,1,19.0317296981812,0,0,2020-02-16 16:19:12
"842",842,57,33,121,94542,1,4.3,1,0,0,1,0,0,0,28.7482700543478,0,0,2020-02-16 16:22:04
"843",843,34,10,54,92101,3,2,1,0,0,0,0,0,0,13.4217965044081,0,0,2020-02-16 16:24:57
"844",844,64,39,73,94720,3,2.4,1,0,0,0,0,1,0,2373.45846206881,4,0.279411764705882,2020-02-16 16:27:50
"845",845,47,23,71,95762,1,0.8,3,127,0,0,0,1,0,17.8486852673814,0,0,2020-02-16 16:30:43
"846",846,44,17,29,94706,3,1,2,0,0,0,0,1,1,15.0716761825606,0,0,2020-02-16 16:33:36
"847",847,51,27,93,92154,1,2.7,1,0,0,0,0,1,0,13.7283890135586,0,0,2020-02-16 16:36:28
"848",848,40,14,73,94539,1,1.5,3,252,0,0,0,1,0,22.1840353962034,0,0,2020-02-16 16:39:21
"849",849,57,32,19,94720,4,0.9,2,0,0,0,0,1,0,27.4418360367417,0,0,2020-02-16 16:42:14
"850",850,33,8,58,94305,2,0.1,1,0,0,1,1,1,1,25.8094778610393,0,0,2020-02-16 16:45:07
"851",851,46,20,39,95054,1,0.2,1,0,0,0,0,0,0,11.3231617258862,0,0,2020-02-16 16:48:00
"852",852,41,16,23,94521,2,1.4,2,0,0,1,0,1,0,20.7898061675951,0,0,2020-02-16 16:50:52
"853",853,33,7,29,92064,1,0.6,3,127,0,0,0,0,1,12.5947468727827,0,0,2020-02-16 16:53:45
"854",854,27,2,155,95138,1,0.8,1,0,0,0,0,0,0,25.2193231601268,0,0,2020-02-16 16:56:38
"855",855,52,28,90,95814,1,2.6,2,0,0,1,0,1,0,29.2104488192126,0,0,2020-02-16 16:59:31
"856",856,59,33,113,92152,2,2,1,77,0,0,0,1,0,10.2418686728925,0,0,2020-02-16 17:02:24
"857",857,62,38,42,94025,1,1.8,3,0,0,0,0,0,0,15.3358840569854,0,0,2020-02-16 17:05:16
"858",858,49,25,30,95616,4,0.2,1,0,0,0,1,1,1,19.8922043666244,0,0,2020-02-16 17:08:09
"859",859,45,19,19,94720,3,0.5,2,0,0,0,0,1,0,14.6275510359555,0,0,2020-02-16 17:11:02
"860",860,63,37,124,92182,3,5,2,170,1,0,0,0,0,1582.35141229816,2,0.0785294117647059,2020-02-16 17:13:55
"861",861,57,31,30,95841,2,0.7,2,145,0,0,0,0,0,10.9876415366307,0,0,2020-02-16 17:16:48
"862",862,60,30,28,92354,1,1.5,3,124,0,1,0,1,0,18.7958756089211,0,0,2020-02-16 17:19:40
"863",863,50,23,15,94025,2,1,2,101,0,0,0,0,0,17.7258541202173,0,0,2020-02-16 17:22:33
"864",864,54,30,70,90095,1,1.6,3,265,0,0,0,0,0,13.5449234256521,0,0,2020-02-16 17:25:26
"865",865,28,2,10,94080,1,0.1,2,0,0,0,0,1,0,29.8009599419311,0,0,2020-02-16 17:28:19
"866",866,60,34,22,92037,3,0.3,3,139,0,0,0,1,1,29.3697169981897,0,0,2020-02-16 17:31:12
"867",867,44,20,70,94611,4,1.9,1,0,0,0,0,1,0,10.7894117198884,0,0,2020-02-16 17:34:04
"868",868,61,35,61,94708,1,1.6,1,0,0,0,0,0,0,26.505510234274,0,0,2020-02-16 17:36:57
"869",869,40,15,161,94596,2,3.3,1,0,0,1,0,0,1,12.0246814144775,0,0,2020-02-16 17:39:50
"870",870,54,30,29,93014,2,0.8,1,0,0,0,0,0,1,11.007367358543,0,0,2020-02-16 17:42:43
"871",871,43,19,35,92106,3,0.5,1,0,0,0,0,1,0,17.815845310688,0,0,2020-02-16 17:45:36
"872",872,54,28,48,96091,4,2.8,2,0,0,0,0,1,0,27.8761219559237,0,0,2020-02-16 17:48:28
"873",873,32,7,44,90095,4,0.8,1,0,0,0,0,1,0,29.9140491196886,0,0,2020-02-16 17:51:21
"874",874,24,0,88,90740,3,0.8,1,134,0,0,0,0,0,19.3161817919463,0,0,2020-02-16 17:54:14
"875",875,30,4,40,92056,4,2.1,3,0,0,0,0,1,1,19.7357820719481,0,0,2020-02-16 17:57:07
"876",876,61,36,21,95616,4,0.4,2,123,0,0,0,0,0,18.0002467008308,0,0,2020-02-16 18:00:00
"877",877,40,14,58,94025,2,2.8,1,0,0,0,0,1,0,25.0273908907548,0,0,2020-02-16 18:02:52
"878",878,35,11,59,95123,4,0.1,2,0,0,0,0,0,0,17.9779050545767,0,0,2020-02-16 18:05:45
"879",879,33,3,74,95616,4,4,3,0,0,0,0,0,0,19.4823831878603,0,0,2020-02-16 18:08:38
"880",880,63,37,84,91768,4,1.9,2,0,0,0,0,1,0,14.6259074425325,0,0,2020-02-16 18:11:31
"881",881,57,31,58,91604,1,0.2,1,177,0,0,0,1,0,19.0889114374295,0,0,2020-02-16 18:14:24
"882",882,44,19,154,92116,2,8.8,1,0,0,0,0,1,0,20.3657241072506,0,0,2020-02-16 18:17:16
"883",883,51,25,185,94117,1,1.7,1,0,0,0,0,0,0,11.6463632369414,0,0,2020-02-16 18:20:09
"884",884,51,26,78,92703,1,1.2,1,305,0,0,0,1,0,14.024221166037,0,0,2020-02-16 18:23:02
"885",885,38,13,55,91709,2,1.1,2,0,0,0,0,1,0,10.8220854913816,0,0,2020-02-16 18:25:55
"886",886,31,5,30,94304,4,0.3,2,0,0,0,0,1,0,15.3943817876279,0,0,2020-02-16 18:28:48
"887",887,54,29,74,93907,3,2,2,0,0,0,0,0,0,12.9414685396478,0,0,2020-02-16 18:31:40
"888",888,41,16,118,94720,2,3.3,1,0,0,0,0,1,0,2288.7312008068,4,0.279411764705882,2020-02-16 18:34:33
"889",889,57,33,182,94114,2,3.3,3,372,1,0,0,0,0,14.720528004691,0,0,2020-02-16 18:37:26
"890",890,24,-2,82,91103,2,1.6,3,0,0,0,0,1,1,20.7918946584687,0,0,2020-02-16 18:40:19
"891",891,55,29,29,92780,4,1.5,3,79,0,0,0,1,0,18.2766961911693,0,0,2020-02-16 18:43:12
"892",892,32,6,120,94102,4,5.4,1,301,1,0,1,1,1,2523.72728309128,3,0.132352941176471,2020-02-16 18:46:04
"893",893,38,12,53,95616,2,2.4,2,0,0,0,0,1,0,18.7455781875178,0,0,2020-02-16 18:48:57
"894",894,58,32,43,93943,3,1.4,1,0,0,0,0,0,1,14.2879753839225,0,0,2020-02-16 18:51:50
"895",895,29,4,59,95064,4,2.2,1,232,0,0,0,1,1,28.5811755945906,0,0,2020-02-16 18:54:43
"896",896,43,17,84,94608,4,2.6,3,289,0,1,1,1,1,20.415716310963,0,0,2020-02-16 18:57:36
"897",897,50,24,161,95133,3,3.4,1,212,1,0,0,1,0,14.0941885858774,0,0,2020-02-16 19:00:28
"898",898,62,37,21,92691,4,0.4,2,137,0,0,0,1,1,19.4862701976672,0,0,2020-02-16 19:03:21
"899",899,57,32,63,94111,4,0.7,1,0,0,0,0,1,0,25.7606291538104,0,0,2020-02-16 19:06:14
"900",900,30,3,172,91302,3,3.4,2,0,1,0,0,0,1,10.5907857697457,0,0,2020-02-16 19:09:07
"901",901,30,4,51,94709,4,0.2,1,172,0,0,0,0,1,18.8774034846574,0,0,2020-02-16 19:12:00
"902",902,57,33,24,95616,4,0.7,1,0,0,0,0,1,0,28.778327954933,0,0,2020-02-16 19:14:52
"903",903,57,33,95,95054,2,1.6,1,0,0,0,0,0,0,22.8364754607901,0,0,2020-02-16 19:17:45
"904",904,43,18,59,90048,1,2.4,1,250,0,0,0,1,0,20.2387467212975,0,0,2020-02-16 19:20:38
"905",905,28,2,51,90503,4,1.8,2,0,0,1,0,0,0,17.4917912622914,0,0,2020-02-16 19:23:31
"906",906,46,22,28,94720,1,1,1,84,0,0,0,1,1,2294.64415502734,4,0.279411764705882,2020-02-16 19:26:24
"907",907,29,3,154,94720,2,2,1,130,0,0,0,0,0,2287.12432733737,4,0.279411764705882,2020-02-16 19:29:16
"908",908,64,40,15,91711,2,0.3,3,115,0,0,0,1,1,27.6780231995508,0,0,2020-02-16 19:32:09
"909",909,66,36,55,93023,4,1.67,3,0,0,0,0,0,1,22.6762481871992,0,0,2020-02-16 19:35:02
"910",910,23,-1,149,91709,1,6.33,1,305,0,0,0,0,1,22.5731436163187,0,0,2020-02-16 19:37:55
"911",911,60,36,79,92120,1,1.8,3,0,0,0,0,0,1,23.8499200670049,0,0,2020-02-16 19:40:48
"912",912,47,21,68,94538,4,2.6,3,0,0,0,0,0,0,28.9451294904575,0,0,2020-02-16 19:43:40
"913",913,35,10,78,94105,1,2.6,2,0,0,0,0,1,0,27.0769226178527,0,0,2020-02-16 19:46:33
"914",914,57,32,34,92507,2,2,2,0,0,1,0,0,0,25.3303784551099,0,0,2020-02-16 19:49:26
"915",915,65,41,195,91711,3,0.4,1,0,1,1,1,0,1,19.8622709233314,0,0,2020-02-16 19:52:19
"916",916,53,28,184,94550,1,8.1,1,303,0,0,0,1,0,16.4219949906692,0,0,2020-02-16 19:55:12
"917",917,44,20,85,92192,2,3.2,1,0,0,0,0,1,0,14.6404713811353,0,0,2020-02-16 19:58:04
"918",918,45,20,200,90405,2,8.8,1,0,0,0,0,1,1,17.3185883602127,0,0,2020-02-16 20:00:57
"919",919,41,16,64,92325,3,0.5,3,0,0,0,0,0,0,19.6577072096989,0,0,2020-02-16 20:03:50
"920",920,51,27,88,91116,1,2.6,2,0,0,1,0,0,1,20.4755215719342,0,0,2020-02-16 20:06:43
"921",921,27,1,42,94501,3,2.4,2,0,0,0,0,0,0,21.5239309100434,0,0,2020-02-16 20:09:36
"922",922,31,5,91,92096,3,1.6,1,126,0,0,0,1,1,16.7154207406566,0,0,2020-02-16 20:12:28
"923",923,32,6,38,92868,1,0.3,1,0,0,1,1,1,0,20.0297052739188,0,0,2020-02-16 20:15:21
"924",924,55,30,28,95123,1,1.5,2,0,0,0,0,0,0,23.8710670499131,0,0,2020-02-16 20:18:14
"925",925,55,30,32,91330,4,0.1,3,0,0,1,0,0,0,16.290539978072,0,0,2020-02-16 20:21:07
"926",926,42,18,31,94720,1,0.3,3,0,0,0,0,0,1,20.747064803727,0,0,2020-02-16 20:24:00
"927",927,33,9,22,93940,4,0.4,2,103,0,0,0,1,0,25.4268446192145,0,0,2020-02-16 20:26:52
"928",928,65,40,95,95014,3,3.7,2,138,1,0,0,0,1,13.6486650863662,0,0,2020-02-16 20:29:45
"929",929,35,10,74,90638,4,1.3,1,0,0,0,0,1,0,24.0582527592778,0,0,2020-02-16 20:32:38
"930",930,55,30,22,92121,1,1.5,2,91,0,0,0,0,1,26.1341033130884,0,0,2020-02-16 20:35:31
"931",931,28,4,43,92103,3,0.1,2,0,0,0,0,1,0,17.3804957512766,0,0,2020-02-16 20:38:24
"932",932,27,3,43,91302,1,1,3,0,0,0,0,1,0,12.4632672406733,0,0,2020-02-16 20:41:16
"933",933,51,27,112,94720,3,1.8,2,0,0,1,1,1,1,14.2673818022013,0,0,2020-02-16 20:44:09
"934",934,50,23,9,92064,2,1,2,0,0,0,0,1,0,12.4902909016237,0,0,2020-02-16 20:47:02
"935",935,58,33,81,91320,2,0,3,0,0,0,0,1,0,14.9402283970267,0,0,2020-02-16 20:49:55
"936",936,46,20,131,95929,1,5.7,1,256,0,0,0,0,1,20.4639559052885,0,0,2020-02-16 20:52:48
"937",937,62,32,19,92109,1,1.5,3,0,0,1,0,0,0,15.1637893682346,0,0,2020-02-16 20:55:40
"938",938,38,13,62,92093,3,0.7,2,0,0,1,0,1,0,28.4158328315243,0,0,2020-02-16 20:58:33
"939",939,62,37,19,95818,4,0.4,2,124,0,1,0,0,0,12.9168173717335,0,0,2020-02-16 21:01:26
"940",940,56,32,8,93943,2,0.3,1,0,0,0,0,1,1,20.1172407576814,0,0,2020-02-16 21:04:19
"941",941,61,36,193,94303,1,4.7,3,203,1,0,0,1,0,12.7941276459023,0,0,2020-02-16 21:07:12
"942",942,38,13,129,92093,4,4.4,1,140,1,0,0,0,0,2378.37431309745,3,0.132352941176471,2020-02-16 21:10:04
"943",943,55,29,30,91320,4,0.7,2,0,0,0,0,0,1,21.2589327152818,0,0,2020-02-16 21:12:57
"944",944,30,4,80,94701,4,1.8,2,0,0,0,0,0,0,10.2984512364492,0,0,2020-02-16 21:15:50
"945",945,41,15,22,90503,4,1.5,3,0,0,0,0,0,1,13.0510602565482,0,0,2020-02-16 21:18:43
"946",946,57,32,33,91745,1,1.5,2,0,0,0,0,1,0,23.2930965395644,0,0,2020-02-16 21:21:36
"947",947,36,11,64,91355,4,2.1,3,0,0,0,0,0,0,10.6146903987974,0,0,2020-02-16 21:24:28
"948",948,55,29,60,94305,3,2.2,3,84,0,0,0,1,0,14.4023414654657,0,0,2020-02-16 21:27:21
"949",949,30,4,81,92037,1,2.9,3,259,0,0,0,1,1,29.9551547365263,0,0,2020-02-16 21:30:14
"950",950,40,16,45,94720,3,0.6,2,204,0,0,0,1,0,1337.03944836743,5,0.441176470588235,2020-02-16 21:33:07
"951",951,32,6,112,95054,4,1.8,2,0,0,0,0,1,0,19.4494329532608,0,0,2020-02-16 21:36:00
"952",952,59,34,83,94105,2,3.4,3,0,1,0,0,1,0,11.5317569766194,0,0,2020-02-16 21:38:52
"953",953,44,20,180,93943,2,7.6,1,524,0,0,0,0,1,2334.30330585688,3,0.132352941176471,2020-02-16 21:41:45
"954",954,51,26,28,92130,4,0.2,2,0,0,1,0,1,0,25.0233880337328,0,0,2020-02-16 21:44:38
"955",955,37,12,169,91107,2,5.2,3,249,1,0,0,1,0,1823.25851701666,1,0.0735294117647059,2020-02-16 21:47:31
"956",956,59,35,14,90840,4,0.7,1,0,0,0,0,1,0,11.4508679090068,0,0,2020-02-16 21:50:24
"957",957,37,11,43,90250,1,2,1,0,0,0,0,1,0,11.2315470259637,0,0,2020-02-16 21:53:16
"958",958,56,32,88,94309,2,0.3,1,0,0,0,0,1,0,10.8504517842084,0,0,2020-02-16 21:56:09
"959",959,55,29,78,90747,4,2.6,3,0,0,0,0,0,1,17.0907624252141,0,0,2020-02-16 21:59:02
"960",960,49,24,68,94143,1,0.2,2,163,0,0,0,0,0,23.4450078709051,0,0,2020-02-16 22:01:55
"961",961,46,22,144,93611,2,3.3,1,0,0,0,0,1,1,24.4243165664375,0,0,2020-02-16 22:04:48
"962",962,35,9,30,94114,4,1,1,163,0,0,0,1,0,1484.09343818203,5,0.441176470588235,2020-02-16 22:07:40
"963",963,47,21,120,95833,1,0,1,135,0,0,0,0,0,28.2442922703922,0,0,2020-02-16 22:10:33
"964",964,39,14,24,94305,2,0.3,2,0,0,0,0,0,0,12.063081311062,0,0,2020-02-16 22:13:26
"965",965,27,1,78,92037,4,2.3,3,157,0,1,0,1,0,13.1031747488305,0,0,2020-02-16 22:16:19
"966",966,62,36,135,94301,2,5.2,2,0,1,0,0,1,0,19.7821495309472,0,0,2020-02-16 22:19:12
"967",967,57,32,44,91605,2,1.6,3,0,0,0,0,0,0,15.0419651390985,0,0,2020-02-16 22:22:04
"968",968,55,30,73,92675,4,3.8,2,0,0,0,0,1,0,14.0682999650016,0,0,2020-02-16 22:24:57
"969",969,55,31,90,92868,1,2.7,2,0,0,0,0,1,1,29.5800463529304,0,0,2020-02-16 22:27:50
"970",970,41,15,58,94704,3,0.5,3,0,0,0,0,1,0,29.5478770462796,0,0,2020-02-16 22:30:43
"971",971,57,32,75,94928,2,3.7,1,236,0,0,0,1,0,14.617579751648,0,0,2020-02-16 22:33:36
"972",972,43,19,174,92028,3,1.7,3,231,1,0,1,1,1,27.1259128535166,0,0,2020-02-16 22:36:28
"973",973,40,16,50,92093,2,1.7,1,174,0,0,0,0,0,1317.6848446019,5,0.441176470588235,2020-02-16 22:39:21
"974",974,43,18,85,92703,1,4,3,287,0,0,0,1,0,22.2849785862491,0,0,2020-02-16 22:42:14
"975",975,63,38,54,90401,3,2.2,1,0,0,0,0,1,0,21.1447784537449,0,0,2020-02-16 22:45:07
"976",976,63,38,83,92122,2,3.4,1,0,1,0,0,0,0,11.7957096965984,0,0,2020-02-16 22:48:00
"977",977,54,30,24,94109,4,0.2,1,0,0,1,0,0,0,10.451516318135,0,0,2020-02-16 22:50:52
"978",978,54,30,45,95134,4,1.1,2,205,0,0,0,1,0,1303.0471182894,5,0.441176470588235,2020-02-16 22:53:45
"979",979,52,26,68,92068,1,0.8,3,0,0,0,0,1,1,23.1734694028273,0,0,2020-02-16 22:56:38
"980",980,50,26,48,94720,4,0.1,3,0,0,0,0,0,1,18.7710836250335,0,0,2020-02-16 22:59:31
"981",981,38,13,114,92697,1,1,3,0,0,0,0,1,1,26.4638300379738,0,0,2020-02-16 23:02:24
"982",982,36,12,142,90064,3,2.3,2,0,1,0,1,1,1,25.6554148066789,0,0,2020-02-16 23:05:16
"983",983,58,33,52,94402,3,0.5,2,0,0,0,0,0,1,29.9285610020161,0,0,2020-02-16 23:08:09
"984",984,46,22,142,92220,2,3.3,1,0,0,0,0,0,0,27.9059968236834,0,0,2020-02-16 23:11:02
"985",985,50,25,15,92173,1,0.4,3,0,0,0,0,0,0,22.3562388587743,0,0,2020-02-16 23:13:55
"986",986,46,22,118,92120,1,4.7,1,159,0,0,0,0,1,28.1067223194987,0,0,2020-02-16 23:16:48
"987",987,53,27,101,90245,4,4.9,1,0,0,0,0,1,0,12.9714153148234,0,0,2020-02-16 23:19:40
"988",988,62,36,84,94609,2,2.8,1,0,0,0,0,1,0,11.983366124332,0,0,2020-02-16 23:22:33
"989",989,63,39,32,94998,1,1.9,2,100,0,0,0,0,0,13.004578910768,0,0,2020-02-16 23:25:26
"990",990,42,16,64,94607,3,0.5,3,247,0,0,0,0,0,29.8444131622091,0,0,2020-02-16 23:28:19
"991",991,34,10,81,94002,4,3.4,1,0,0,0,0,1,0,15.6411856040359,0,0,2020-02-16 23:31:12
"992",992,40,14,28,94025,4,1.5,3,0,0,0,0,0,1,21.0189580731094,0,0,2020-02-16 23:34:04
"993",993,34,9,93,94608,1,0,1,0,0,0,0,1,0,12.92286593467,0,0,2020-02-16 23:36:57
"994",994,41,15,185,91775,1,3.6,2,0,1,0,0,0,0,26.3689483795315,0,0,2020-02-16 23:39:50
"995",995,32,8,42,90650,1,1.8,2,0,0,0,0,0,0,26.2145398650318,0,0,2020-02-16 23:42:43
"996",996,28,3,45,94305,2,1.6,3,0,0,0,0,1,1,29.9948921939358,0,0,2020-02-16 23:45:36
"997",997,33,6,49,92037,2,1.67,2,214,0,0,0,0,0,1369.07777981833,5,0.441176470588235,2020-02-16 23:48:28
"998",998,46,20,69,92780,3,2.1,1,0,0,0,0,0,0,19.0628659585491,0,0,2020-02-16 23:51:21
"999",999,52,27,94,93106,1,2.8,2,333,0,0,0,1,0,29.5777807338163,0,0,2020-02-16 23:54:14
"1000",1000,60,35,18,92120,1,1.5,2,0,0,0,0,1,1,21.7519288929179,0,0,2020-02-16 23:57:07
